audio,text,text_cleaned
F0000000000_0000.wav,โกวาจี,โกวาจี
F0000000000_0001.wav,โกวาจี เล่น เพลง เชบออฟยู,โกวาจี เล่น เพลง Shape of You
F0000000000_0002.wav,โกวาจี เล่น เพลง ชูก้า,โกวาจี เล่น เพลง Sugar
F0000000000_0003.wav,โกวาจี เล่น เพลง สเตย์,โกวาจี เล่น เพลง Stay
F0000000000_0004.wav,โกวาจี เล่น เพลง คู่ ชีวิต,โกวาจี เล่น เพลง คู่ ชีวิต
F0000000000_0005.wav,โกวาจี เล่น เพลง อ้าว,โกวาจี เล่น เพลง อ้าว
F0000000000_0011.wav,เพลง ต่อ ไป อยู่ ใน อัลบั้ม อะไร,เพลง ต่อ ไป อยู่ ใน album อะไร
F0000000000_0018.wav,แรนดอม เพลง,random เพลง
F0000000000_0020.wav,โกวาจี เพิ่ม เสียง,โกวาจี เพิ่ม เสียง
F0000000000_0030.wav,เพิ่ม ใน เพลลิสต์ เพลง โปรด,เพิ่ม ใน playlist เพลง โปรด
F0000000000_0031.wav,เพิ่ม ใน เพลลิสต์ เพลง ก่อนนอน,เพิ่ม ใน playlist เพลง ก่อนนอน
F0000000000_0032.wav,เล่น เพลง จาก เพลลิสต์ เพลง ก่อน นอน,เล่น เพลง จาก playlist เพลง ก่อน นอน
F0000000000_0044.wav,พอส,pause
F0000000000_0045.wav,สต็อป,stop
F0000000000_0046.wav,ปิด โปรแกรม,ปิด program
F0000000000_0047.wav,โกวาจี บ๊ายบาย,โกวาจี bye bye
F0000000000_0048.wav,ชัท ดาว,Shut down
F0000000000_0051.wav,เปิด เพลง ไอแฮทยูไอเลิฟยู,เปิด เพลง I Hate U I Love U
F0000000000_0053.wav,เปิด เพลง เซเยส,เปิด เพลง say yes
F0000000000_0055.wav,เปิด เพลง เอฟเวอรี่ไทม,เปิด เพลง everytime
F0000000000_0056.wav,ขอ เพลง แคนท์เทคมายอายส์ออฟออฟยู,ขอ เพลง Can't Take My Eyes Off Of You
F0000000000_0060.wav,ขอ เพลง สเตย์วิฟมี,ขอ เพลง stay with me
F0000000000_0061.wav,เล่น เพลง จาก เพลลิสต์ เพลง โปรด,เล่น เพลง จาก playlist เพลง โปรด
F0000000000_0062.wav,เล่น เพลง จาก เพลลิสต์ เพลง อก หัก,เล่น เพลง จาก playlist เพลง อก หัก
F0000000000_0063.wav,เล่น เพลง จาก เพลลิสต์ เพลง ลูก ทุ่ง,เล่น เพลง จาก playlist เพลง ลูก ทุ่ง
F0000000000_0064.wav,เล่น เพลง ของ มารูนไฟฟ์,เล่น เพลง ของ Maroon 5
F0000000000_0065.wav,เล่น เพลง ของ ซูเปอร์จูเนียร์,เล่น เพลง ของ Super Junior
F0000000000_0066.wav,เล่น เพลง ของ ศิลปิน ริฮันน่า,เล่น เพลง ของ ศิลปิน Rihanna
F0000000000_0068.wav,เล่น เพลง ของ ศิลปิน โจอี้บอย,เล่น เพลง ของ ศิลปิน Joey Boy
F0000000000_0069.wav,เล่น เพลง จาก อัลบั้ม เดอะเรด,เล่น เพลง จาก album The Red
F0000000000_0070.wav,เล่น เพลง จาก อัลบั้ม เดอะเววเวท,เล่น เพลง จาก album The Velvet
F0000000000_0071.wav,โกวาจี แรนด้อม เพลง,โกวาจี random เพลง
F0000000000_0072.wav,โกวาจี เล่น ห้า เพลง,โกวาจี เล่น ห้า เพลง
F0000000000_0073.wav,โกวาจี เล่น สิบ เพลง,โกวาจี เล่น สิบ เพลง
F0000000000_0077.wav,โกวาจี ลา ก่อน,โกวาจี ลา ก่อน
F0000000000_0079.wav,ชัฟเฟิล,shuffle
F0000000000_0081.wav,กู๊ดไนท์,Good night
F0000000000_0082.wav,ลบ เพลง นี้ ออก จาก เพลย์ลิส,ลบ เพลง นี้ ออก จาก playlist
F0000000000_0083.wav,เอา ออก จาก เพลย์ลิส,เอา ออก จาก playlist
F0000000000_0087.wav,ห้าม เล่น เพลง ของ เทเลอร์สวิฟ,ห้าม เล่น เพลง ของ Taylor Swift
F0000000000_0093.wav,โกวาจี เรา จบ กัน แค่ นี้,โกวาจี เรา จบ กัน แค่ นี้
F0000000000_0099.wav,โกวาจี ขอบคุณ,โกวาจี ขอบคุณ
F0000000001_0000.wav,โกวาจี,โกวาจี
F0000000001_0001.wav,โกวาจี เล่น เพลง เชบออฟยู,โกวาจี เล่น เพลง Shape of You
F0000000001_0002.wav,โกวาจี เล่น เพลง ชูก้า,โกวาจี เล่น เพลง Sugar
F0000000001_0003.wav,โกวาจี เล่น เพลง สเตย์,โกวาจี เล่น เพลง Stay
F0000000001_0004.wav,โกวาจี เล่น เพลง คู่ ชีวิต,โกวาจี เล่น เพลง คู่ ชีวิต
F0000000001_0005.wav,โกวาจี เล่น เพลง อ้าว,โกวาจี เล่น เพลง อ้าว
F0000000001_0011.wav,เพลง ต่อ ไป อยู่ ใน อัลบั้ม อะไร,เพลง ต่อ ไป อยู่ ใน album อะไร
F0000000001_0018.wav,แรนดอม เพลง,random เพลง
F0000000001_0020.wav,โกวาจี เพิ่ม เสียง,โกวาจี เพิ่ม เสียง
F0000000001_0030.wav,เพิ่ม ใน เพลลิสต์ เพลง โปรด,เพิ่ม ใน playlist เพลง โปรด
F0000000001_0031.wav,เพิ่ม ใน เพลลิสต์ เพลง ก่อนนอน,เพิ่ม ใน playlist เพลง ก่อนนอน
F0000000001_0032.wav,เล่น เพลง จาก เพลลิสต์ เพลง ก่อน นอน,เล่น เพลง จาก playlist เพลง ก่อน นอน
F0000000001_0044.wav,พอส,pause
F0000000001_0045.wav,สต็อป,stop
F0000000001_0046.wav,ปิด โปรแกรม,ปิด program
F0000000001_0047.wav,โกวาจี บ๊ายบาย,โกวาจี bye bye
F0000000001_0048.wav,ชัท ดาว,Shut down
F0000000001_0051.wav,เปิด เพลง ไอแฮทยูไอเลิฟยู,เปิด เพลง I Hate U I Love U
F0000000001_0053.wav,เปิด เพลง เซเยส,เปิด เพลง say yes
F0000000001_0055.wav,เปิด เพลง เอฟเวอรี่ไทม,เปิด เพลง everytime
F0000000001_0056.wav,ขอ เพลง แคนท์เทคมายอายส์ออฟออฟยู,ขอ เพลง Can't Take My Eyes Off Of You
F0000000001_0060.wav,ขอ เพลง สเตย์วิฟมี,ขอ เพลง stay with me
F0000000001_0061.wav,เล่น เพลง จาก เพลลิสต์ เพลง โปรด,เล่น เพลง จาก playlist เพลง โปรด
F0000000001_0062.wav,เล่น เพลง จาก เพลลิสต์ เพลง อก หัก,เล่น เพลง จาก playlist เพลง อก หัก
F0000000001_0063.wav,เล่น เพลง จาก เพลลิสต์ เพลง ลูก ทุ่ง,เล่น เพลง จาก playlist เพลง ลูก ทุ่ง
F0000000001_0064.wav,เล่น เพลง ของ มารูนไฟฟ์,เล่น เพลง ของ Maroon 5
F0000000001_0065.wav,เล่น เพลง ของ ซูเปอร์จูเนียร์,เล่น เพลง ของ Super Junior
F0000000001_0066.wav,เล่น เพลง ของ ศิลปิน ริฮันน่า,เล่น เพลง ของ ศิลปิน Rihanna
F0000000001_0068.wav,เล่น เพลง ของ ศิลปิน โจอี้บอย,เล่น เพลง ของ ศิลปิน Joey Boy
F0000000001_0069.wav,เล่น เพลง จาก อัลบั้ม เดอะเรด,เล่น เพลง จาก album The Red
F0000000001_0070.wav,เล่น เพลง จาก อัลบั้ม เดอะเววเวท,เล่น เพลง จาก album The Velvet
F0000000001_0071.wav,โกวาจี แรนด้อม เพลง,โกวาจี random เพลง
F0000000001_0072.wav,โกวาจี เล่น ห้า เพลง,โกวาจี เล่น ห้า เพลง
F0000000001_0073.wav,โกวาจี เล่น สิบ เพลง,โกวาจี เล่น สิบ เพลง
F0000000001_0077.wav,โกวาจี ลา ก่อน,โกวาจี ลา ก่อน
F0000000001_0079.wav,ชัฟเฟิล,shuffle
F0000000001_0081.wav,กู๊ดไนท์,Good night
F0000000001_0082.wav,ลบ เพลง นี้ ออก จาก เพลย์ลิส,ลบ เพลง นี้ ออก จาก playlist
F0000000001_0083.wav,เอา ออก จาก เพลย์ลิส,เอา ออก จาก playlist
F0000000001_0087.wav,ห้าม เล่น เพลง ของ เทเลอร์สวิฟ,ห้าม เล่น เพลง ของ Taylor Swift
F0000000001_0093.wav,โกวาจี เรา จบ กัน แค่ นี้,โกวาจี เรา จบ กัน แค่ นี้
F0000000001_0099.wav,โกวาจี ขอบคุณ,โกวาจี ขอบคุณ
M0000000002_0000.wav,โกวาจี,โกวาจี
M0000000002_0001.wav,โกวาจี เล่น เพลง เชบออฟยู,โกวาจี เล่น เพลง Shape of You
M0000000002_0002.wav,โกวาจี เล่น เพลง ชูก้า,โกวาจี เล่น เพลง Sugar
M0000000002_0003.wav,โกวาจี เล่น เพลง สเตย์,โกวาจี เล่น เพลง Stay
M0000000002_0004.wav,โกวาจี เล่น เพลง คู่ ชีวิต,โกวาจี เล่น เพลง คู่ ชีวิต
M0000000002_0005.wav,โกวาจี เล่น เพลง อ้าว,โกวาจี เล่น เพลง อ้าว
M0000000002_0011.wav,เพลง ต่อ ไป อยู่ ใน อัลบั้ม อะไร,เพลง ต่อ ไป อยู่ ใน album อะไร
M0000000002_0018.wav,แรนดอม เพลง,random เพลง
M0000000002_0020.wav,โกวาจี เพิ่ม เสียง,โกวาจี เพิ่ม เสียง
M0000000002_0030.wav,เพิ่ม ใน เพลลิสต์ เพลง โปรด,เพิ่ม ใน playlist เพลง โปรด
M0000000002_0031.wav,เพิ่ม ใน เพลลิสต์ เพลง ก่อนนอน,เพิ่ม ใน playlist เพลง ก่อนนอน
M0000000002_0032.wav,เล่น เพลง จาก เพลลิสต์ เพลง ก่อน นอน,เล่น เพลง จาก playlist เพลง ก่อน นอน
M0000000002_0044.wav,พอส,pause
M0000000002_0045.wav,สต็อป,stop
M0000000002_0046.wav,ปิด โปรแกรม,ปิด program
M0000000002_0047.wav,โกวาจี บ๊ายบาย,โกวาจี bye bye
M0000000002_0048.wav,ชัท ดาว,Shut down
M0000000002_0051.wav,เปิด เพลง ไอแฮทยูไอเลิฟยู,เปิด เพลง I Hate U I Love U
M0000000002_0053.wav,เปิด เพลง เซเยส,เปิด เพลง say yes
M0000000002_0055.wav,เปิด เพลง เอฟเวอรี่ไทม,เปิด เพลง everytime
M0000000002_0056.wav,ขอ เพลง แคนท์เทคมายอายส์ออฟออฟยู,ขอ เพลง Can't Take My Eyes Off Of You
M0000000002_0060.wav,ขอ เพลง สเตย์วิฟมี,ขอ เพลง stay with me
M0000000002_0061.wav,เล่น เพลง จาก เพลลิสต์ เพลง โปรด,เล่น เพลง จาก playlist เพลง โปรด
M0000000002_0062.wav,เล่น เพลง จาก เพลลิสต์ เพลง อก หัก,เล่น เพลง จาก playlist เพลง อก หัก
M0000000002_0063.wav,เล่น เพลง จาก เพลลิสต์ เพลง ลูก ทุ่ง,เล่น เพลง จาก playlist เพลง ลูก ทุ่ง
M0000000002_0064.wav,เล่น เพลง ของ มารูนไฟฟ์,เล่น เพลง ของ Maroon 5
M0000000002_0065.wav,เล่น เพลง ของ ซูเปอร์จูเนียร์,เล่น เพลง ของ Super Junior
M0000000002_0066.wav,เล่น เพลง ของ ศิลปิน ริฮันน่า,เล่น เพลง ของ ศิลปิน Rihanna
M0000000002_0068.wav,เล่น เพลง ของ ศิลปิน โจอี้บอย,เล่น เพลง ของ ศิลปิน Joey Boy
M0000000002_0069.wav,เล่น เพลง จาก อัลบั้ม เดอะเรด,เล่น เพลง จาก album The Red
M0000000002_0070.wav,เล่น เพลง จาก อัลบั้ม เดอะเววเวท,เล่น เพลง จาก album The Velvet
M0000000002_0071.wav,โกวาจี แรนด้อม เพลง,โกวาจี random เพลง
M0000000002_0072.wav,โกวาจี เล่น ห้า เพลง,โกวาจี เล่น ห้า เพลง
M0000000002_0073.wav,โกวาจี เล่น สิบ เพลง,โกวาจี เล่น สิบ เพลง
M0000000002_0077.wav,โกวาจี ลา ก่อน,โกวาจี ลา ก่อน
M0000000002_0079.wav,ชัฟเฟิล,shuffle
M0000000002_0081.wav,กู๊ดไนท์,Good night
M0000000002_0082.wav,ลบ เพลง นี้ ออก จาก เพลย์ลิส,ลบ เพลง นี้ ออก จาก playlist
M0000000002_0083.wav,เอา ออก จาก เพลย์ลิส,เอา ออก จาก playlist
M0000000002_0087.wav,ห้าม เล่น เพลง ของ เทเลอร์สวิฟ,ห้าม เล่น เพลง ของ Taylor Swift
M0000000002_0093.wav,โกวาจี เรา จบ กัน แค่ นี้,โกวาจี เรา จบ กัน แค่ นี้
M0000000002_0099.wav,โกวาจี ขอบคุณ,โกวาจี ขอบคุณ
M0000000003_0000.wav,โกวาจี,โกวาจี
M0000000003_0001.wav,โกวาจี เล่น เพลง เชบออฟยู,โกวาจี เล่น เพลง Shape of You
M0000000003_0002.wav,โกวาจี เล่น เพลง ชูก้า,โกวาจี เล่น เพลง Sugar
M0000000003_0003.wav,โกวาจี เล่น เพลง สเตย์,โกวาจี เล่น เพลง Stay
M0000000003_0004.wav,โกวาจี เล่น เพลง คู่ ชีวิต,โกวาจี เล่น เพลง คู่ ชีวิต
M0000000003_0005.wav,โกวาจี เล่น เพลง อ้าว,โกวาจี เล่น เพลง อ้าว
M0000000003_0011.wav,เพลง ต่อ ไป อยู่ ใน อัลบั้ม อะไร,เพลง ต่อ ไป อยู่ ใน album อะไร
M0000000003_0018.wav,แรนดอม เพลง,random เพลง
M0000000003_0020.wav,โกวาจี เพิ่ม เสียง,โกวาจี เพิ่ม เสียง
M0000000003_0030.wav,เพิ่ม ใน เพลลิสต์ เพลง โปรด,เพิ่ม ใน playlist เพลง โปรด
M0000000003_0031.wav,เพิ่ม ใน เพลลิสต์ เพลง ก่อนนอน,เพิ่ม ใน playlist เพลง ก่อนนอน
M0000000003_0032.wav,เล่น เพลง จาก เพลลิสต์ เพลง ก่อน นอน,เล่น เพลง จาก playlist เพลง ก่อน นอน
M0000000003_0044.wav,พอส,pause
M0000000003_0045.wav,สต็อป,stop
M0000000003_0046.wav,ปิด โปรแกรม,ปิด program
M0000000003_0047.wav,โกวาจี บ๊ายบาย,โกวาจี bye bye
M0000000003_0048.wav,ชัท ดาว,Shut down
M0000000003_0051.wav,เปิด เพลง ไอแฮทยูไอเลิฟยู,เปิด เพลง I Hate U I Love U
M0000000003_0053.wav,เปิด เพลง เซเยส,เปิด เพลง say yes
M0000000003_0055.wav,เปิด เพลง เอฟเวอรี่ไทม,เปิด เพลง everytime
M0000000003_0056.wav,ขอ เพลง แคนท์เทคมายอายส์ออฟออฟยู,ขอ เพลง Can't Take My Eyes Off Of You
M0000000003_0060.wav,ขอ เพลง สเตย์วิฟมี,ขอ เพลง stay with me
M0000000003_0061.wav,เล่น เพลง จาก เพลลิสต์ เพลง โปรด,เล่น เพลง จาก playlist เพลง โปรด
M0000000003_0062.wav,เล่น เพลง จาก เพลลิสต์ เพลง อก หัก,เล่น เพลง จาก playlist เพลง อก หัก
M0000000003_0063.wav,เล่น เพลง จาก เพลลิสต์ เพลง ลูก ทุ่ง,เล่น เพลง จาก playlist เพลง ลูก ทุ่ง
M0000000003_0064.wav,เล่น เพลง ของ มารูนไฟฟ์,เล่น เพลง ของ Maroon 5
M0000000003_0065.wav,เล่น เพลง ของ ซูเปอร์จูเนียร์,เล่น เพลง ของ Super Junior
M0000000003_0066.wav,เล่น เพลง ของ ศิลปิน ริฮันน่า,เล่น เพลง ของ ศิลปิน Rihanna
M0000000003_0068.wav,เล่น เพลง ของ ศิลปิน โจอี้บอย,เล่น เพลง ของ ศิลปิน Joey Boy
M0000000003_0069.wav,เล่น เพลง จาก อัลบั้ม เดอะเรด,เล่น เพลง จาก album The Red
M0000000003_0070.wav,เล่น เพลง จาก อัลบั้ม เดอะเววเวท,เล่น เพลง จาก album The Velvet
M0000000003_0071.wav,โกวาจี แรนด้อม เพลง,โกวาจี random เพลง
M0000000003_0072.wav,โกวาจี เล่น ห้า เพลง,โกวาจี เล่น ห้า เพลง
M0000000003_0073.wav,โกวาจี เล่น สิบ เพลง,โกวาจี เล่น สิบ เพลง
M0000000003_0077.wav,โกวาจี ลา ก่อน,โกวาจี ลา ก่อน
M0000000003_0079.wav,ชัฟเฟิล,shuffle
M0000000003_0081.wav,กู๊ดไนท์,Good night
M0000000003_0082.wav,ลบ เพลง นี้ ออก จาก เพลย์ลิส,ลบ เพลง นี้ ออก จาก playlist
M0000000003_0083.wav,เอา ออก จาก เพลย์ลิส,เอา ออก จาก playlist
M0000000003_0087.wav,ห้าม เล่น เพลง ของ เทเลอร์สวิฟ,ห้าม เล่น เพลง ของ Taylor Swift
M0000000003_0093.wav,โกวาจี เรา จบ กัน แค่ นี้,โกวาจี เรา จบ กัน แค่ นี้
M0000000003_0099.wav,โกวาจี ขอบคุณ,โกวาจี ขอบคุณ
M0000000004_0000.wav,โกวาจี,โกวาจี
M0000000004_0001.wav,โกวาจี เล่น เพลง เชบออฟยู,โกวาจี เล่น เพลง Shape of You
M0000000004_0002.wav,โกวาจี เล่น เพลง ชูก้า,โกวาจี เล่น เพลง Sugar
M0000000004_0003.wav,โกวาจี เล่น เพลง สเตย์,โกวาจี เล่น เพลง Stay
M0000000004_0004.wav,โกวาจี เล่น เพลง คู่ ชีวิต,โกวาจี เล่น เพลง คู่ ชีวิต
M0000000004_0005.wav,โกวาจี เล่น เพลง อ้าว,โกวาจี เล่น เพลง อ้าว
M0000000004_0011.wav,เพลง ต่อ ไป อยู่ ใน อัลบั้ม อะไร,เพลง ต่อ ไป อยู่ ใน album อะไร
M0000000004_0018.wav,แรนดอม เพลง,random เพลง
M0000000004_0020.wav,โกวาจี เพิ่ม เสียง,โกวาจี เพิ่ม เสียง
M0000000004_0030.wav,เพิ่ม ใน เพลลิสต์ เพลง โปรด,เพิ่ม ใน playlist เพลง โปรด
M0000000004_0031.wav,เพิ่ม ใน เพลลิสต์ เพลง ก่อนนอน,เพิ่ม ใน playlist เพลง ก่อนนอน
M0000000004_0032.wav,เล่น เพลง จาก เพลลิสต์ เพลง ก่อน นอน,เล่น เพลง จาก playlist เพลง ก่อน นอน
M0000000004_0044.wav,พอส,pause
M0000000004_0045.wav,สต็อป,stop
M0000000004_0046.wav,ปิด โปรแกรม,ปิด program
M0000000004_0047.wav,โกวาจี บ๊ายบาย,โกวาจี bye bye
M0000000004_0048.wav,ชัท ดาว,Shut down
M0000000004_0051.wav,เปิด เพลง ไอแฮทยูไอเลิฟยู,เปิด เพลง I Hate U I Love U
M0000000004_0053.wav,เปิด เพลง เซเยส,เปิด เพลง say yes
M0000000004_0055.wav,เปิด เพลง เอฟเวอรี่ไทม,เปิด เพลง everytime
M0000000004_0056.wav,ขอ เพลง แคนท์เทคมายอายส์ออฟออฟยู,ขอ เพลง Can't Take My Eyes Off Of You
M0000000004_0060.wav,ขอ เพลง สเตย์วิฟมี,ขอ เพลง stay with me
M0000000004_0061.wav,เล่น เพลง จาก เพลลิสต์ เพลง โปรด,เล่น เพลง จาก playlist เพลง โปรด
M0000000004_0062.wav,เล่น เพลง จาก เพลลิสต์ เพลง อก หัก,เล่น เพลง จาก playlist เพลง อก หัก
M0000000004_0063.wav,เล่น เพลง จาก เพลลิสต์ เพลง ลูก ทุ่ง,เล่น เพลง จาก playlist เพลง ลูก ทุ่ง
M0000000004_0064.wav,เล่น เพลง ของ มารูนไฟฟ์,เล่น เพลง ของ Maroon 5
M0000000004_0065.wav,เล่น เพลง ของ ซูเปอร์จูเนียร์,เล่น เพลง ของ Super Junior
M0000000004_0066.wav,เล่น เพลง ของ ศิลปิน ริฮันน่า,เล่น เพลง ของ ศิลปิน Rihanna
M0000000004_0068.wav,เล่น เพลง ของ ศิลปิน โจอี้บอย,เล่น เพลง ของ ศิลปิน Joey Boy
M0000000004_0069.wav,เล่น เพลง จาก อัลบั้ม เดอะเรด,เล่น เพลง จาก album The Red
M0000000004_0070.wav,เล่น เพลง จาก อัลบั้ม เดอะเววเวท,เล่น เพลง จาก album The Velvet
M0000000004_0071.wav,โกวาจี แรนด้อม เพลง,โกวาจี random เพลง
M0000000004_0072.wav,โกวาจี เล่น ห้า เพลง,โกวาจี เล่น ห้า เพลง
M0000000004_0073.wav,โกวาจี เล่น สิบ เพลง,โกวาจี เล่น สิบ เพลง
M0000000004_0077.wav,โกวาจี ลา ก่อน,โกวาจี ลา ก่อน
M0000000004_0079.wav,ชัฟเฟิล,shuffle
M0000000004_0081.wav,กู๊ดไนท์,Good night
M0000000004_0082.wav,ลบ เพลง นี้ ออก จาก เพลย์ลิส,ลบ เพลง นี้ ออก จาก playlist
M0000000004_0083.wav,เอา ออก จาก เพลย์ลิส,เอา ออก จาก playlist
M0000000004_0087.wav,ห้าม เล่น เพลง ของ เทเลอร์สวิฟ,ห้าม เล่น เพลง ของ Taylor Swift
M0000000004_0093.wav,โกวาจี เรา จบ กัน แค่ นี้,โกวาจี เรา จบ กัน แค่ นี้
M0000000004_0099.wav,โกวาจี ขอบคุณ,โกวาจี ขอบคุณ
M0000000005_0000.wav,โกวาจี,โกวาจี
M0000000005_0001.wav,โกวาจี เล่น เพลง เชบออฟยู,โกวาจี เล่น เพลง Shape of You
M0000000005_0002.wav,โกวาจี เล่น เพลง ชูก้า,โกวาจี เล่น เพลง Sugar
M0000000005_0003.wav,โกวาจี เล่น เพลง สเตย์,โกวาจี เล่น เพลง Stay
M0000000005_0004.wav,โกวาจี เล่น เพลง คู่ ชีวิต,โกวาจี เล่น เพลง คู่ ชีวิต
M0000000005_0005.wav,โกวาจี เล่น เพลง อ้าว,โกวาจี เล่น เพลง อ้าว
M0000000005_0011.wav,เพลง ต่อ ไป อยู่ ใน อัลบั้ม อะไร,เพลง ต่อ ไป อยู่ ใน album อะไร
M0000000005_0018.wav,แรนดอม เพลง,random เพลง
M0000000005_0020.wav,โกวาจี เพิ่ม เสียง,โกวาจี เพิ่ม เสียง
M0000000005_0030.wav,เพิ่ม ใน เพลลิสต์ เพลง โปรด,เพิ่ม ใน playlist เพลง โปรด
M0000000005_0031.wav,เพิ่ม ใน เพลลิสต์ เพลง ก่อนนอน,เพิ่ม ใน playlist เพลง ก่อนนอน
M0000000005_0032.wav,เล่น เพลง จาก เพลลิสต์ เพลง ก่อน นอน,เล่น เพลง จาก playlist เพลง ก่อน นอน
M0000000005_0044.wav,พอส,pause
M0000000005_0045.wav,สต็อป,stop
M0000000005_0046.wav,ปิด โปรแกรม,ปิด program
M0000000005_0047.wav,โกวาจี บ๊ายบาย,โกวาจี bye bye
M0000000005_0048.wav,ชัท ดาว,Shut down
M0000000005_0051.wav,เปิด เพลง ไอแฮทยูไอเลิฟยู,เปิด เพลง I Hate U I Love U
M0000000005_0053.wav,เปิด เพลง เซเยส,เปิด เพลง say yes
M0000000005_0055.wav,เปิด เพลง เอฟเวอรี่ไทม,เปิด เพลง everytime
M0000000005_0056.wav,ขอ เพลง แคนท์เทคมายอายส์ออฟออฟยู,ขอ เพลง Can't Take My Eyes Off Of You
M0000000005_0060.wav,ขอ เพลง สเตย์วิฟมี,ขอ เพลง stay with me
M0000000005_0061.wav,เล่น เพลง จาก เพลลิสต์ เพลง โปรด,เล่น เพลง จาก playlist เพลง โปรด
M0000000005_0062.wav,เล่น เพลง จาก เพลลิสต์ เพลง อก หัก,เล่น เพลง จาก playlist เพลง อก หัก
M0000000005_0063.wav,เล่น เพลง จาก เพลลิสต์ เพลง ลูก ทุ่ง,เล่น เพลง จาก playlist เพลง ลูก ทุ่ง
M0000000005_0064.wav,เล่น เพลง ของ มารูนไฟฟ์,เล่น เพลง ของ Maroon 5
M0000000005_0065.wav,เล่น เพลง ของ ซูเปอร์จูเนียร์,เล่น เพลง ของ Super Junior
M0000000005_0066.wav,เล่น เพลง ของ ศิลปิน ริฮันน่า,เล่น เพลง ของ ศิลปิน Rihanna
M0000000005_0068.wav,เล่น เพลง ของ ศิลปิน โจอี้บอย,เล่น เพลง ของ ศิลปิน Joey Boy
M0000000005_0069.wav,เล่น เพลง จาก อัลบั้ม เดอะเรด,เล่น เพลง จาก album The Red
M0000000005_0070.wav,เล่น เพลง จาก อัลบั้ม เดอะเววเวท,เล่น เพลง จาก album The Velvet
M0000000005_0071.wav,โกวาจี แรนด้อม เพลง,โกวาจี random เพลง
M0000000005_0072.wav,โกวาจี เล่น ห้า เพลง,โกวาจี เล่น ห้า เพลง
M0000000005_0073.wav,โกวาจี เล่น สิบ เพลง,โกวาจี เล่น สิบ เพลง
M0000000005_0077.wav,โกวาจี ลา ก่อน,โกวาจี ลา ก่อน
M0000000005_0079.wav,ชัฟเฟิล,shuffle
M0000000005_0081.wav,กู๊ดไนท์,Good night
M0000000005_0082.wav,ลบ เพลง นี้ ออก จาก เพลย์ลิส,ลบ เพลง นี้ ออก จาก playlist
M0000000005_0083.wav,เอา ออก จาก เพลย์ลิส,เอา ออก จาก playlist
M0000000005_0087.wav,ห้าม เล่น เพลง ของ เทเลอร์สวิฟ,ห้าม เล่น เพลง ของ Taylor Swift
M0000000005_0093.wav,โกวาจี เรา จบ กัน แค่ นี้,โกวาจี เรา จบ กัน แค่ นี้
M0000000005_0099.wav,โกวาจี ขอบคุณ,โกวาจี ขอบคุณ
M0000000090_0000.wav,โกวาจี,โกวาจี
M0000000090_0001.wav,โกวาจี เดิน หน้า,โกวาจี เดิน หน้า
M0000000090_0029.wav,ชาร์จ ธนู,Charge ธนู
M0000000090_0034.wav,สร้าง เกม,สร้าง game
M0000000090_0035.wav,หยุด เกม,หยุด game
M0000000090_0036.wav,เล่น เกม ต่อ,เล่น game ต่อ
M0000000090_0054.wav,วิง การ์เดียม เล วิ โอ ซ่า,Wingardium Leviosa
M0000000090_0063.wav,แปลง ร่าง เป็น เดอะ แฟลช,แปลง ร่าง เป็น The Flash
M0000000090_0095.wav,เปิด โต๊ะ คราฟ,เปิด โต๊ะ craft
M0000000090_0096.wav,ปิด โต๊ะ คราฟ,ปิด โต๊ะ craft
M0000000090_0097.wav,คราฟ,craft
M0000000090_0098.wav,คราฟ เลย,craft เลย
M0000000090_0099.wav,วาร์ป ไป ไหน ก็ ได้,warp ไป ไหน ก็ ได้
M0000000090_0100.wav,ทำไม เรา ยัง ไม่ วาร์ป,ทำไม เรา ยัง ไม่ warp
M0000000090_0101.wav,วาร์ป ไป ข้าง หน้า,Warp ไป ข้าง หน้า
M0000000090_0102.wav,วาร์ป ไป ข้าง หลัง,warp ไป ข้าง หลัง
M0000000090_0103.wav,วาร์ป ไป ทาง ซ้าย,warp ไป ทาง ซ้าย
M0000000090_0104.wav,วาร์ป ไป ทาง ขวา,warp ไป ทาง ขวา
M0000000090_0106.wav,รีเซท,reset
M0000000104_0000.wav,โกวาจี,โกวาจี
M0000000104_0001.wav,โกวาจี เดิน หน้า,โกวาจี เดิน หน้า
M0000000104_0029.wav,ชาร์จ ธนู,Charge ธนู
M0000000104_0034.wav,สร้าง เกม,สร้าง game
M0000000104_0035.wav,หยุด เกม,หยุด game
M0000000104_0036.wav,เล่น เกม ต่อ,เล่น game ต่อ
M0000000104_0054.wav,วิง การ์เดียม เล วิ โอ ซ่า,Wingardium Leviosa
M0000000104_0063.wav,แปลง ร่าง เป็น เดอะ แฟลช,แปลง ร่าง เป็น The Flash
M0000000104_0095.wav,เปิด โต๊ะ คราฟ,เปิด โต๊ะ craft
M0000000104_0096.wav,ปิด โต๊ะ คราฟ,ปิด โต๊ะ craft
M0000000104_0097.wav,คราฟ,craft
M0000000104_0098.wav,คราฟ เลย,craft เลย
M0000000104_0099.wav,วาร์ป ไป ไหน ก็ ได้,warp ไป ไหน ก็ ได้
M0000000104_0100.wav,ทำไม เรา ยัง ไม่ วาร์ป,ทำไม เรา ยัง ไม่ warp
M0000000104_0101.wav,วาร์ป ไป ข้าง หน้า,Warp ไป ข้าง หน้า
M0000000104_0102.wav,วาร์ป ไป ข้าง หลัง,warp ไป ข้าง หลัง
M0000000104_0103.wav,วาร์ป ไป ทาง ซ้าย,warp ไป ทาง ซ้าย
M0000000104_0104.wav,วาร์ป ไป ทาง ขวา,warp ไป ทาง ขวา
M0000000104_0106.wav,รีเซท,reset
M0000000109_0000.wav,โกวาจี,โกวาจี
M0000000109_0001.wav,โกวาจี เดิน หน้า,โกวาจี เดิน หน้า
M0000000109_0029.wav,ชาร์จ ธนู,Charge ธนู
M0000000109_0034.wav,สร้าง เกม,สร้าง game
M0000000109_0035.wav,หยุด เกม,หยุด game
M0000000109_0036.wav,เล่น เกม ต่อ,เล่น game ต่อ
M0000000109_0054.wav,วิง การ์เดียม เล วิ โอ ซ่า,Wingardium Leviosa
M0000000109_0063.wav,แปลง ร่าง เป็น เดอะ แฟลช,แปลง ร่าง เป็น The Flash
M0000000109_0095.wav,เปิด โต๊ะ คราฟ,เปิด โต๊ะ craft
M0000000109_0096.wav,ปิด โต๊ะ คราฟ,ปิด โต๊ะ craft
M0000000109_0097.wav,คราฟ,craft
M0000000109_0098.wav,คราฟ เลย,craft เลย
M0000000109_0099.wav,วาร์ป ไป ไหน ก็ ได้,warp ไป ไหน ก็ ได้
M0000000109_0100.wav,ทำไม เรา ยัง ไม่ วาร์ป,ทำไม เรา ยัง ไม่ warp
M0000000109_0101.wav,วาร์ป ไป ข้าง หน้า,Warp ไป ข้าง หน้า
M0000000109_0102.wav,วาร์ป ไป ข้าง หลัง,warp ไป ข้าง หลัง
M0000000109_0103.wav,วาร์ป ไป ทาง ซ้าย,warp ไป ทาง ซ้าย
M0000000109_0104.wav,วาร์ป ไป ทาง ขวา,warp ไป ทาง ขวา
M0000000109_0106.wav,รีเซท,reset
M0000000112_0000.wav,โกวาจี,โกวาจี
M0000000112_0001.wav,โกวาจี เดิน หน้า,โกวาจี เดิน หน้า
M0000000112_0029.wav,ชาร์จ ธนู,Charge ธนู
M0000000112_0034.wav,สร้าง เกม,สร้าง game
M0000000112_0035.wav,หยุด เกม,หยุด game
M0000000112_0036.wav,เล่น เกม ต่อ,เล่น game ต่อ
M0000000112_0054.wav,วิง การ์เดียม เล วิ โอ ซ่า,Wingardium Leviosa
M0000000112_0063.wav,แปลง ร่าง เป็น เดอะ แฟลช,แปลง ร่าง เป็น The Flash
M0000000112_0095.wav,เปิด โต๊ะ คราฟ,เปิด โต๊ะ craft
M0000000112_0096.wav,ปิด โต๊ะ คราฟ,ปิด โต๊ะ craft
M0000000112_0097.wav,คราฟ,craft
M0000000112_0098.wav,คราฟ เลย,craft เลย
M0000000112_0099.wav,วาร์ป ไป ไหน ก็ ได้,warp ไป ไหน ก็ ได้
M0000000112_0100.wav,ทำไม เรา ยัง ไม่ วาร์ป,ทำไม เรา ยัง ไม่ warp
M0000000112_0101.wav,วาร์ป ไป ข้าง หน้า,Warp ไป ข้าง หน้า
M0000000112_0102.wav,วาร์ป ไป ข้าง หลัง,warp ไป ข้าง หลัง
M0000000112_0103.wav,วาร์ป ไป ทาง ซ้าย,warp ไป ทาง ซ้าย
M0000000112_0104.wav,วาร์ป ไป ทาง ขวา,warp ไป ทาง ขวา
M0000000112_0106.wav,รีเซท,reset
M0000000115_0000.wav,โกวาจี,โกวาจี
M0000000115_0001.wav,โกวาจี เดิน หน้า,โกวาจี เดิน หน้า
M0000000115_0029.wav,ชาร์จ ธนู,Charge ธนู
M0000000115_0034.wav,สร้าง เกม,สร้าง game
M0000000115_0035.wav,หยุด เกม,หยุด game
M0000000115_0036.wav,เล่น เกม ต่อ,เล่น game ต่อ
M0000000115_0054.wav,วิง การ์เดียม เล วิ โอ ซ่า,Wingardium Leviosa
M0000000115_0063.wav,แปลง ร่าง เป็น เดอะ แฟลช,แปลง ร่าง เป็น The Flash
M0000000115_0095.wav,เปิด โต๊ะ คราฟ,เปิด โต๊ะ craft
M0000000115_0096.wav,ปิด โต๊ะ คราฟ,ปิด โต๊ะ craft
M0000000115_0097.wav,คราฟ,craft
M0000000115_0098.wav,คราฟ เลย,craft เลย
M0000000115_0099.wav,วาร์ป ไป ไหน ก็ ได้,warp ไป ไหน ก็ ได้
M0000000115_0100.wav,ทำไม เรา ยัง ไม่ วาร์ป,ทำไม เรา ยัง ไม่ warp
M0000000115_0101.wav,วาร์ป ไป ข้าง หน้า,Warp ไป ข้าง หน้า
M0000000115_0102.wav,วาร์ป ไป ข้าง หลัง,warp ไป ข้าง หลัง
M0000000115_0103.wav,วาร์ป ไป ทาง ซ้าย,warp ไป ทาง ซ้าย
M0000000115_0104.wav,วาร์ป ไป ทาง ขวา,warp ไป ทาง ขวา
M0000000115_0106.wav,รีเซท,reset
M0000000159_0000.wav,โกวาจี,โกวาจี
M0000000159_0001.wav,โกวาจี อยาก จะ ล้ม กระดาน,โกวาจี อยาก จะ ล้ม กระดาน
M0000000159_0002.wav,ธุลี กิน เอ สาม,ธุลี กิน A3
M0000000159_0003.wav,ธุลี เดิน ไป เอ สาม,ธุลี เดิน ไป A3
M0000000159_0004.wav,ธุลี ไป บี สอง,ธุลี ไป B2
M0000000159_0005.wav,ธุลี เดิน ไป บี สอง,ธุลี เดิน ไป B2
M0000000159_0006.wav,ธุลี ไป ซี สาม,ธุลี ไป C3
M0000000159_0007.wav,ธุลี เดิน ไป ซี สาม,ธุลี เดิน ไป C3
M0000000159_0008.wav,ธุลี ไป ดี สี่,ธุลี ไป D4
M0000000159_0009.wav,เดิน ธุลี ไป ดี สี่,เดิน ธุลี ไป D4
M0000000159_0010.wav,ธุลี อี ห้า เดิน อี เจ็ด,ธุลี E5 เดิน E7
M0000000159_0011.wav,ธุลี อี ห้า เดิน ไป อี เจ็ด,ธุลี E5 เดิน ไป E7
M0000000159_0012.wav,ธุลี บี สาม ไป บี ห้า,ธุลี B3 ไป B5
M0000000159_0013.wav,ธุลี บี สาม เดิน ไป บี ห้า,ธุลี B3 เดิน ไป B5
M0000000159_0014.wav,ธุลี เอฟ หก ไป จี เจ็ด,ธุลี F6 ไป G7
M0000000159_0015.wav,ธุลี เอฟ หก เดิน ไป จี เจ็ด,ธุลี F6 เดิน ไป G7
M0000000159_0016.wav,ธุลี อี สี่ กิน เอฟ สาม,ธุลี E4 กิน F3
M0000000159_0017.wav,เดิน ธุลี อี สี่ ไป เอช หก,เดิน ธุลี E4 ไป H6
M0000000159_0018.wav,ก้อย กิน เอ สี่,ก้อย กิน A4
M0000000159_0019.wav,เดิน ก้อย ไป เอ สี่,เดิน ก้อย ไป A4
M0000000159_0020.wav,ก้อย กิน บี เจ็ด,ก้อย กิน B7
M0000000159_0021.wav,เดิน ก้อย ไป บี เจ็ด,เดิน ก้อย ไป B7
M0000000159_0022.wav,ก้อย ไป ซี ห้า,ก้อย ไป C5
M0000000159_0023.wav,ก้อย เดิน ไป ซี ห้า,ก้อย เดิน ไป C5
M0000000159_0024.wav,ก้อย ไป ดี สี่,ก้อย ไป D4
M0000000159_0025.wav,ก้อย เดิน ไป ดี สี่,ก้อย เดิน ไป D4
M0000000159_0026.wav,ก้อย เดิน อี ห้า,ก้อย เดิน E5
M0000000159_0027.wav,ก้อย เดิน ไป อี ห้า,ก้อย เดิน ไป E5
M0000000159_0028.wav,ก้อย ไป เอฟ สอง,ก้อย ไป F2
M0000000159_0029.wav,ก้อย เดิน ไป เอฟ สอง,ก้อย เดิน ไป F2
M0000000159_0030.wav,ก้อย อี หก ไป จี แปด,ก้อย E6 ไป G8
M0000000159_0031.wav,ก้อย อี หก เดิน ไป จี แปด,ก้อย E6 เดิน ไป G8
M0000000159_0032.wav,ก้อย จี ห้า กิน เอช หก,ก้อย G5 กิน H6
M0000000159_0033.wav,เดิน ก้อย จี ห้า ไป เอช หก,เดิน ก้อย G5 ไป H6
M0000000159_0034.wav,เณร กิน เอ แปด,เณร กิน A8
M0000000159_0035.wav,เณร เดิน ไป เอ แปด,เณร เดิน ไป A8
M0000000159_0036.wav,เณร กิน บี สอง,เณร กิน B2
M0000000159_0037.wav,เณร เดิน ไป บี สอง,เณร เดิน ไป B2
M0000000159_0038.wav,เณร กิน ซี ห้า,เณร กิน C5
M0000000159_0039.wav,เดิน เณร ไป ซี ห้า,เดิน เณร ไป C5
M0000000159_0040.wav,เณร ไป ดี สาม,เณร ไป D3
M0000000159_0041.wav,เดิน เณร ไป ดี สาม,เดิน เณร ไป D3
M0000000159_0042.wav,เณร ไป อี หก,เณร ไป E6
M0000000159_0043.wav,เณร เดิน ไป อี หก,เณร เดิน ไป E6
M0000000159_0044.wav,เณร ไป เอฟ สี่,เณร ไป F4
M0000000159_0045.wav,เดิน เณร ไป เอฟ สี่,เดิน เณร ไป F4
M0000000159_0046.wav,เณร เอฟ หก ไป จี เจ็ด,เณร F6 ไป G7
M0000000159_0047.wav,เณร เอฟ หก เดิน ไป จี เจ็ด,เณร F6 เดิน ไป G7
M0000000159_0048.wav,เณร บี เจ็ด กิน เอช หนึ่ง,เณร B7 กิน H1
M0000000159_0049.wav,เดิน เณร บี เจ็ด ไป เอช หนึ่ง,เดิน เณร B7 ไป H1
M0000000159_0050.wav,เรือดำน้ำ กิน เอ สี่,เรือดำน้ำ กิน A4
M0000000159_0051.wav,เรือดำน้ำ เดิน ไป เอ สี่,เรือดำน้ำ เดิน ไป A4
M0000000159_0052.wav,เรือดำน้ำ กิน บี แปด,เรือดำน้ำ กิน B8
M0000000159_0053.wav,เรือดำน้ำ เดิน ไป บี แปด,เรือดำน้ำ เดิน ไป B8
M0000000159_0054.wav,เรือดำน้ำ ไป ซี สอง,เรือดำน้ำ ไป C2
M0000000159_0055.wav,เดิน เรือดำน้ำ ไป ซี สอง,เดิน เรือดำน้ำ ไป C2
M0000000159_0056.wav,เรือดำน้ำ ไป ดี สาม,เรือดำน้ำ ไป D3
M0000000159_0057.wav,เดิน เรือดำน้ำ ไป ดี สาม,เดิน เรือดำน้ำ ไป D3
M0000000159_0058.wav,เรือดำน้ำ อี สาม กิน อี ห้า,เรือดำน้ำ E3 กิน E5
M0000000159_0059.wav,เรือดำน้ำ อี สาม เดิน ไป อี ห้า,เรือดำน้ำ E3 เดิน ไป E5
M0000000159_0060.wav,เรือดำน้ำ เอฟ เจ็ด กิน เอฟ หนึ่ง,เรือดำน้ำ F7 กิน F1
M0000000159_0061.wav,เรือดำน้ำ เอฟ เจ็ด เดิน ไป เอฟ หนึ่ง,เรือดำน้ำ F7 เดิน ไป F1
M0000000159_0062.wav,เรือดำน้ำ เอ หก ไป จี หก,เรือดำน้ำ A6 ไป G6
M0000000159_0063.wav,เดิน เรือดำน้ำ เอ หก ไป จี หก,เดิน เรือดำน้ำ A6 ไป G6
M0000000159_0064.wav,เรือดำน้ำ บี เจ็ด ไป เอช เจ็ด,เรือดำน้ำ B7 ไป H7
M0000000159_0065.wav,เดิน เรือดำน้ำ เอ หก ไป เอช เจ็ด,เดิน เรือดำน้ำ A6 ไป H7
M0000000159_0066.wav,ฟูฟู กิน เอ สาม,ฟูฟู กิน A3
M0000000159_0067.wav,เดิน ฟูฟู ไป เอ สาม,เดิน ฟูฟู ไป A3
M0000000159_0068.wav,ฟูฟู กิน บี เจ็ด,ฟูฟู กิน B7
M0000000159_0069.wav,เดิน ฟูฟู ไป บี เจ็ด,เดิน ฟูฟู ไป B7
M0000000159_0070.wav,ฟูฟู ไป ซี หนึ่ง,ฟูฟู ไป C1
M0000000159_0071.wav,ฟูฟู เดิน ไป ซี หนึ่ง,ฟูฟู เดิน ไป C1
M0000000159_0072.wav,ฟูฟู ไป ดี ห้า,ฟูฟู ไป D5
M0000000159_0073.wav,ฟูฟู เดิน ไป ดี ห้า,ฟูฟู เดิน ไป D5
M0000000159_0074.wav,ฟูฟู ดี สาม กิน อี ห้า,ฟูฟู D3 กิน E5
M0000000159_0075.wav,เดิน ฟูฟู ดี สาม ไป อี ห้า,เดิน ฟูฟู D3 ไป E5
M0000000159_0076.wav,ฟูฟู อี แปด กิน เอฟ หก,ฟูฟู E8 กิน F6
M0000000159_0077.wav,เดิน ฟูฟู ดี สาม ไป เอฟ หก,เดิน ฟูฟู D3 ไป F6
M0000000159_0078.wav,ฟูฟู อี หก ไป จี เจ็ด,ฟูฟู E6 ไป G7
M0000000159_0079.wav,ฟูฟู อี หก เดิน ไป จี เจ็ด,ฟูฟู E6 เดิน ไป G7
M0000000159_0080.wav,ฟูฟู เอฟ เจ็ด ไป เอช แปด,ฟูฟู F7 ไป H8
M0000000159_0081.wav,ฟูฟู เอฟ เจ็ด เดิน ไป เอช แปด,ฟูฟู F7 เดิน ไป H8
M0000000159_0082.wav,ราชา  กิน เอ สี่,ราชา กิน A4
M0000000159_0083.wav,ราชา  เดิน ไป เอ สี่,ราชา เดิน ไป A4
M0000000159_0084.wav,ราชา  กิน บี สอง,ราชา กิน B2
M0000000159_0085.wav,ราชา  เดิน ไป บี สอง,ราชา เดิน ไป B2
M0000000159_0086.wav,ราชา  กิน ซี ห้า,ราชา กิน C5
M0000000159_0087.wav,ราชา  เดิน ไป ซี ห้า,ราชา เดิน ไป C5
M0000000159_0088.wav,เดิน ราชา  ไป ดี หนึ่ง,เดิน ราชา ไป D1
M0000000159_0089.wav,เดิน ราชา  ไป อี ห้า,เดิน ราชา ไป E5
M0000000159_0090.wav,เดิน ราชา  ไป เอฟ สาม,เดิน ราชา ไป F3
M0000000159_0091.wav,เอ หนึ่ง กิน ผ่าน,A1 กิน ผ่าน
M0000000159_0092.wav,เอ สอง กิน ผ่าน,A2 กิน ผ่าน
M0000000159_0093.wav,บี สาม กิน ผ่าน,B3 กิน ผ่าน
M0000000159_0094.wav,บี สี่ กิน ผ่าน,B4 กิน ผ่าน
M0000000159_0095.wav,ซี ห้า กิน ผ่าน,C5 กิน ผ่าน
M0000000159_0096.wav,ซี หก กิน ผ่าน,C6 กิน ผ่าน
M0000000159_0097.wav,ดี เจ็ด กิน ผ่าน,D7 กิน ผ่าน
M0000000159_0098.wav,ดี แปด กิน ผ่าน,D8 กิน ผ่าน
M0000000159_0099.wav,อี หก กิน ผ่าน,E6 กิน ผ่าน
M0000000159_0100.wav,อี สอง กิน ผ่าน,E2 กิน ผ่าน
M0000000159_0101.wav,เอฟ สาม กิน ผ่าน,F3 กิน ผ่าน
M0000000159_0102.wav,เอฟ สี่ กิน ผ่าน,F4 กิน ผ่าน
M0000000159_0103.wav,จี ห้า กิน ผ่าน,G5 กิน ผ่าน
M0000000159_0104.wav,จี หก กิน ผ่าน,G6 กิน ผ่าน
M0000000159_0105.wav,เอช หก กิน ผ่าน,H6 กิน ผ่าน
M0000000159_0106.wav,เอช สี่ กิน ผ่าน,H4 กิน ผ่าน
M0000000159_0107.wav,แต่งตั้ง เอ เจ็ด เป็น ก้อย,แต่งตั้ง A7 เป็น ก้อย
M0000000159_0108.wav,แต่งตั้ง บี เจ็ด เป็น ก้อย,แต่งตั้ง B7 เป็น ก้อย
M0000000159_0109.wav,แต่งตั้ง ซี เจ็ด เป็น ก้อย,แต่งตั้ง C7 เป็น ก้อย
M0000000159_0110.wav,แต่งตั้ง ดี เจ็ด เป็น ก้อย,แต่งตั้ง G7 เป็น ก้อย
M0000000159_0111.wav,แต่งตั้ง อี เจ็ด เป็น ก้อย,แต่งตั้ง E7 เป็น ก้อย
M0000000159_0112.wav,แต่งตั้ง เอฟ เจ็ด เป็น เณร,แต่งตั้ง F7 เป็น เณร
M0000000159_0113.wav,แต่งตั้ง จี เจ็ด เป็น เณร,แต่งตั้ง G7 เป็น เณร
M0000000159_0114.wav,แต่งตั้ง เอช สอง เป็น เณร,แต่งตั้ง H2 เป็น เณร
M0000000159_0115.wav,แต่งตั้ง เอ สอง เป็น ฟูฟู,แต่งตั้ง A2 เป็น ฟูฟู
M0000000159_0116.wav,แต่งตั้ง บี สอง เป็น ฟูฟู,แต่งตั้ง B2 เป็น ฟูฟู
M0000000159_0117.wav,แต่งตั้ง ซี สอง เป็น ฟูฟู,แต่งตั้ง C2 เป็น ฟูฟู
M0000000159_0118.wav,แต่งตั้ง ดี สอง เป็น เรือดำน้ำ,แต่งตั้ง D2 เป็น เรือดำน้ำ
M0000000159_0119.wav,แต่งตั้ง อี สอง เป็น เรือดำน้ำ,แต่งตั้ง E2 เป็น เรือดำน้ำ
M0000000159_0120.wav,แต่งตั้ง เอฟ สอง เป็น เรือดำน้ำ,แต่งตั้ง F2 เป็น เรือดำน้ำ
M0000000159_0121.wav,แต่งตั้ง ซี สาม เป็น เรือดำน้ำ,แต่งตั้ง C3 เป็น เรือดำน้ำ
M0000000160_0000.wav,โกวาจี,โกวาจี
M0000000160_0001.wav,โกวาจี อยาก จะ ล้ม กระดาน,โกวาจี อยาก จะ ล้ม กระดาน
M0000000160_0002.wav,ธุลี กิน เอ สาม,ธุลี กิน A3
M0000000160_0003.wav,ธุลี เดิน ไป เอ สาม,ธุลี เดิน ไป A3
M0000000160_0004.wav,ธุลี ไป บี สอง,ธุลี ไป B2
M0000000160_0005.wav,ธุลี เดิน ไป บี สอง,ธุลี เดิน ไป B2
M0000000160_0006.wav,ธุลี ไป ซี สาม,ธุลี ไป C3
M0000000160_0007.wav,ธุลี เดิน ไป ซี สาม,ธุลี เดิน ไป C3
M0000000160_0008.wav,ธุลี ไป ดี สี่,ธุลี ไป D4
M0000000160_0009.wav,เดิน ธุลี ไป ดี สี่,เดิน ธุลี ไป D4
M0000000160_0010.wav,ธุลี อี ห้า เดิน อี เจ็ด,ธุลี E5 เดิน E7
M0000000160_0011.wav,ธุลี อี ห้า เดิน ไป อี เจ็ด,ธุลี E5 เดิน ไป E7
M0000000160_0012.wav,ธุลี บี สาม ไป บี ห้า,ธุลี B3 ไป B5
M0000000160_0013.wav,ธุลี บี สาม เดิน ไป บี ห้า,ธุลี B3 เดิน ไป B5
M0000000160_0014.wav,ธุลี เอฟ หก ไป จี เจ็ด,ธุลี F6 ไป G7
M0000000160_0015.wav,ธุลี เอฟ หก เดิน ไป จี เจ็ด,ธุลี F6 เดิน ไป G7
M0000000160_0016.wav,ธุลี อี สี่ กิน เอฟ สาม,ธุลี E4 กิน F3
M0000000160_0017.wav,เดิน ธุลี อี สี่ ไป เอช หก,เดิน ธุลี E4 ไป H6
M0000000160_0018.wav,ก้อย กิน เอ สี่,ก้อย กิน A4
M0000000160_0019.wav,เดิน ก้อย ไป เอ สี่,เดิน ก้อย ไป A4
M0000000160_0020.wav,ก้อย กิน บี เจ็ด,ก้อย กิน B7
M0000000160_0021.wav,เดิน ก้อย ไป บี เจ็ด,เดิน ก้อย ไป B7
M0000000160_0022.wav,ก้อย ไป ซี ห้า,ก้อย ไป C5
M0000000160_0023.wav,ก้อย เดิน ไป ซี ห้า,ก้อย เดิน ไป C5
M0000000160_0024.wav,ก้อย ไป ดี สี่,ก้อย ไป D4
M0000000160_0025.wav,ก้อย เดิน ไป ดี สี่,ก้อย เดิน ไป D4
M0000000160_0026.wav,ก้อย เดิน อี ห้า,ก้อย เดิน E5
M0000000160_0027.wav,ก้อย เดิน ไป อี ห้า,ก้อย เดิน ไป E5
M0000000160_0028.wav,ก้อย ไป เอฟ สอง,ก้อย ไป F2
M0000000160_0029.wav,ก้อย เดิน ไป เอฟ สอง,ก้อย เดิน ไป F2
M0000000160_0030.wav,ก้อย อี หก ไป จี แปด,ก้อย E6 ไป G8
M0000000160_0031.wav,ก้อย อี หก เดิน ไป จี แปด,ก้อย E6 เดิน ไป G8
M0000000160_0032.wav,ก้อย จี ห้า กิน เอช หก,ก้อย G5 กิน H6
M0000000160_0033.wav,เดิน ก้อย จี ห้า ไป เอช หก,เดิน ก้อย G5 ไป H6
M0000000160_0034.wav,เณร กิน เอ แปด,เณร กิน A8
M0000000160_0035.wav,เณร เดิน ไป เอ แปด,เณร เดิน ไป A8
M0000000160_0036.wav,เณร กิน บี สอง,เณร กิน B2
M0000000160_0037.wav,เณร เดิน ไป บี สอง,เณร เดิน ไป B2
M0000000160_0038.wav,เณร กิน ซี ห้า,เณร กิน C5
M0000000160_0039.wav,เดิน เณร ไป ซี ห้า,เดิน เณร ไป C5
M0000000160_0040.wav,เณร ไป ดี สาม,เณร ไป D3
M0000000160_0041.wav,เดิน เณร ไป ดี สาม,เดิน เณร ไป D3
M0000000160_0042.wav,เณร ไป อี หก,เณร ไป E6
M0000000160_0043.wav,เณร เดิน ไป อี หก,เณร เดิน ไป E6
M0000000160_0044.wav,เณร ไป เอฟ สี่,เณร ไป F4
M0000000160_0045.wav,เดิน เณร ไป เอฟ สี่,เดิน เณร ไป F4
M0000000160_0046.wav,เณร เอฟ หก ไป จี เจ็ด,เณร F6 ไป G7
M0000000160_0047.wav,เณร เอฟ หก เดิน ไป จี เจ็ด,เณร F6 เดิน ไป G7
M0000000160_0048.wav,เณร บี เจ็ด กิน เอช หนึ่ง,เณร B7 กิน H1
M0000000160_0049.wav,เดิน เณร บี เจ็ด ไป เอช หนึ่ง,เดิน เณร B7 ไป H1
M0000000160_0050.wav,เรือดำน้ำ กิน เอ สี่,เรือดำน้ำ กิน A4
M0000000160_0051.wav,เรือดำน้ำ เดิน ไป เอ สี่,เรือดำน้ำ เดิน ไป A4
M0000000160_0052.wav,เรือดำน้ำ กิน บี แปด,เรือดำน้ำ กิน B8
M0000000160_0053.wav,เรือดำน้ำ เดิน ไป บี แปด,เรือดำน้ำ เดิน ไป B8
M0000000160_0054.wav,เรือดำน้ำ ไป ซี สอง,เรือดำน้ำ ไป C2
M0000000160_0055.wav,เดิน เรือดำน้ำ ไป ซี สอง,เดิน เรือดำน้ำ ไป C2
M0000000160_0056.wav,เรือดำน้ำ ไป ดี สาม,เรือดำน้ำ ไป D3
M0000000160_0057.wav,เดิน เรือดำน้ำ ไป ดี สาม,เดิน เรือดำน้ำ ไป D3
M0000000160_0058.wav,เรือดำน้ำ อี สาม กิน อี ห้า,เรือดำน้ำ E3 กิน E5
M0000000160_0059.wav,เรือดำน้ำ อี สาม เดิน ไป อี ห้า,เรือดำน้ำ E3 เดิน ไป E5
M0000000160_0060.wav,เรือดำน้ำ เอฟ เจ็ด กิน เอฟ หนึ่ง,เรือดำน้ำ F7 กิน F1
M0000000160_0061.wav,เรือดำน้ำ เอฟ เจ็ด เดิน ไป เอฟ หนึ่ง,เรือดำน้ำ F7 เดิน ไป F1
M0000000160_0062.wav,เรือดำน้ำ เอ หก ไป จี หก,เรือดำน้ำ A6 ไป G6
M0000000160_0063.wav,เดิน เรือดำน้ำ เอ หก ไป จี หก,เดิน เรือดำน้ำ A6 ไป G6
M0000000160_0064.wav,เรือดำน้ำ บี เจ็ด ไป เอช เจ็ด,เรือดำน้ำ B7 ไป H7
M0000000160_0065.wav,เดิน เรือดำน้ำ เอ หก ไป เอช เจ็ด,เดิน เรือดำน้ำ A6 ไป H7
M0000000160_0066.wav,ฟูฟู กิน เอ สาม,ฟูฟู กิน A3
M0000000160_0067.wav,เดิน ฟูฟู ไป เอ สาม,เดิน ฟูฟู ไป A3
M0000000160_0068.wav,ฟูฟู กิน บี เจ็ด,ฟูฟู กิน B7
M0000000160_0069.wav,เดิน ฟูฟู ไป บี เจ็ด,เดิน ฟูฟู ไป B7
M0000000160_0070.wav,ฟูฟู ไป ซี หนึ่ง,ฟูฟู ไป C1
M0000000160_0071.wav,ฟูฟู เดิน ไป ซี หนึ่ง,ฟูฟู เดิน ไป C1
M0000000160_0072.wav,ฟูฟู ไป ดี ห้า,ฟูฟู ไป D5
M0000000160_0073.wav,ฟูฟู เดิน ไป ดี ห้า,ฟูฟู เดิน ไป D5
M0000000160_0074.wav,ฟูฟู ดี สาม กิน อี ห้า,ฟูฟู D3 กิน E5
M0000000160_0075.wav,เดิน ฟูฟู ดี สาม ไป อี ห้า,เดิน ฟูฟู D3 ไป E5
M0000000160_0076.wav,ฟูฟู อี แปด กิน เอฟ หก,ฟูฟู E8 กิน F6
M0000000160_0077.wav,เดิน ฟูฟู ดี สาม ไป เอฟ หก,เดิน ฟูฟู D3 ไป F6
M0000000160_0078.wav,ฟูฟู อี หก ไป จี เจ็ด,ฟูฟู E6 ไป G7
M0000000160_0079.wav,ฟูฟู อี หก เดิน ไป จี เจ็ด,ฟูฟู E6 เดิน ไป G7  
M0000000160_0080.wav,ฟูฟู เอฟ เจ็ด ไป เอช แปด,ฟูฟู F7 ไป H8
M0000000160_0081.wav,ฟูฟู เอฟ เจ็ด เดิน ไป เอช แปด,ฟูฟู F7 เดิน ไป H8
M0000000160_0082.wav,ราชา  กิน เอ สี่,ราชา กิน A4
M0000000160_0083.wav,ราชา  เดิน ไป เอ สี่,ราชา เดิน ไป A4
M0000000160_0084.wav,ราชา  กิน บี สอง,ราชา กิน B2
M0000000160_0085.wav,ราชา  เดิน ไป บี สอง,ราชา เดิน ไป B2
M0000000160_0086.wav,ราชา  กิน ซี ห้า,ราชา กิน C5
M0000000160_0087.wav,ราชา  เดิน ไป ซี ห้า,ราชา เดิน ไป C5
M0000000160_0088.wav,เดิน ราชา  ไป ดี หนึ่ง,เดิน ราชา ไป D1
M0000000160_0089.wav,เดิน ราชา  ไป อี ห้า,เดิน ราชา ไป E5
M0000000160_0090.wav,เดิน ราชา  ไป เอฟ สาม,เดิน ราชา ไป F3
M0000000160_0091.wav,เอ หนึ่ง กิน ผ่าน,A1 กิน ผ่าน
M0000000160_0092.wav,เอ สอง กิน ผ่าน,A2 กิน ผ่าน
M0000000160_0093.wav,บี สาม กิน ผ่าน,B3 กิน ผ่าน
M0000000160_0094.wav,บี สี่ กิน ผ่าน,B4 กิน ผ่าน
M0000000160_0095.wav,ซี ห้า กิน ผ่าน,C5 กิน ผ่าน
M0000000160_0096.wav,ซี หก กิน ผ่าน,C6 กิน ผ่าน
M0000000160_0097.wav,ดี เจ็ด กิน ผ่าน,D7 กิน ผ่าน
M0000000160_0098.wav,ดี แปด กิน ผ่าน,D8 กิน ผ่าน
M0000000160_0099.wav,อี หก กิน ผ่าน,E6 กิน ผ่าน
M0000000160_0100.wav,อี สอง กิน ผ่าน,E2 กิน ผ่าน
M0000000160_0101.wav,เอฟ สาม กิน ผ่าน,F3 กิน ผ่าน
M0000000160_0102.wav,เอฟ สี่ กิน ผ่าน,F4 กิน ผ่าน
M0000000160_0103.wav,จี ห้า กิน ผ่าน,G5 กิน ผ่าน
M0000000160_0104.wav,จี หก กิน ผ่าน,G6 กิน ผ่าน
M0000000160_0105.wav,เอช หก กิน ผ่าน,H6 กิน ผ่าน
M0000000160_0106.wav,เอช สี่ กิน ผ่าน,H4 กิน ผ่าน
M0000000160_0107.wav,แต่งตั้ง เอ เจ็ด เป็น ก้อย,แต่งตั้ง A7 เป็น ก้อย
M0000000160_0108.wav,แต่งตั้ง บี เจ็ด เป็น ก้อย,แต่งตั้ง B7 เป็น ก้อย
M0000000160_0109.wav,แต่งตั้ง ซี เจ็ด เป็น ก้อย,แต่งตั้ง C7 เป็น ก้อย
M0000000160_0110.wav,แต่งตั้ง ดี เจ็ด เป็น ก้อย,แต่งตั้ง G7 เป็น ก้อย
M0000000160_0111.wav,แต่งตั้ง อี เจ็ด เป็น ก้อย,แต่งตั้ง E7 เป็น ก้อย
M0000000160_0112.wav,แต่งตั้ง เอฟ เจ็ด เป็น เณร,แต่งตั้ง F7 เป็น เณร
M0000000160_0113.wav,แต่งตั้ง จี เจ็ด เป็น เณร,แต่งตั้ง G7 เป็น เณร
M0000000160_0114.wav,แต่งตั้ง เอช สอง เป็น เณร,แต่งตั้ง H2 เป็น เณร
M0000000160_0115.wav,แต่งตั้ง เอ สอง เป็น ฟูฟู,แต่งตั้ง A2 เป็น ฟูฟู
M0000000160_0116.wav,แต่งตั้ง บี สอง เป็น ฟูฟู,แต่งตั้ง B2 เป็น ฟูฟู
M0000000160_0117.wav,แต่งตั้ง ซี สอง เป็น ฟูฟู,แต่งตั้ง C2 เป็น ฟูฟู
M0000000160_0118.wav,แต่งตั้ง ดี สอง เป็น เรือดำน้ำ,แต่งตั้ง D2 เป็น เรือดำน้ำ
M0000000160_0119.wav,แต่งตั้ง อี สอง เป็น เรือดำน้ำ,แต่งตั้ง E2 เป็น เรือดำน้ำ
M0000000160_0120.wav,แต่งตั้ง เอฟ สอง เป็น เรือดำน้ำ,แต่งตั้ง F2 เป็น เรือดำน้ำ
M0000000160_0121.wav,แต่งตั้ง ซี สาม เป็น เรือดำน้ำ,แต่งตั้ง C3 เป็น เรือดำน้ำ
M0000000161_0000.wav,โกวาจี,โกวาจี
M0000000161_0001.wav,โกวาจี อยาก จะ ล้ม กระดาน,โกวาจี อยาก จะ ล้ม กระดาน
M0000000161_0002.wav,ธุลี กิน เอ สาม,ธุลี กิน A3
M0000000161_0003.wav,ธุลี เดิน ไป เอ สาม,ธุลี เดิน ไป A3
M0000000161_0004.wav,ธุลี ไป บี สอง,ธุลี ไป B2
M0000000161_0005.wav,ธุลี เดิน ไป บี สอง,ธุลี เดิน ไป B2
M0000000161_0006.wav,ธุลี ไป ซี สาม,ธุลี ไป C3
M0000000161_0007.wav,ธุลี เดิน ไป ซี สาม,ธุลี เดิน ไป C3
M0000000161_0008.wav,ธุลี ไป ดี สี่,ธุลี ไป D4
M0000000161_0009.wav,เดิน ธุลี ไป ดี สี่,เดิน ธุลี ไป D4
M0000000161_0010.wav,ธุลี อี ห้า เดิน อี เจ็ด,ธุลี E5 เดิน E7
M0000000161_0011.wav,ธุลี อี ห้า เดิน ไป อี เจ็ด,ธุลี E5 เดิน ไป E7
M0000000161_0012.wav,ธุลี บี สาม ไป บี ห้า,ธุลี B3 ไป B5
M0000000161_0013.wav,ธุลี บี สาม เดิน ไป บี ห้า,ธุลี B3 เดิน ไป B5
M0000000161_0014.wav,ธุลี เอฟ หก ไป จี เจ็ด,ธุลี F6 ไป G7
M0000000161_0015.wav,ธุลี เอฟ หก เดิน ไป จี เจ็ด,ธุลี F6 เดิน ไป G7
M0000000161_0016.wav,ธุลี อี สี่ กิน เอฟ สาม,ธุลี E4 กิน F3
M0000000161_0017.wav,เดิน ธุลี อี สี่ ไป เอช หก,เดิน ธุลี E4 ไป H6
M0000000161_0018.wav,ก้อย กิน เอ สี่,ก้อย กิน A4
M0000000161_0019.wav,เดิน ก้อย ไป เอ สี่,เดิน ก้อย ไป A4
M0000000161_0020.wav,ก้อย กิน บี เจ็ด,ก้อย กิน B7
M0000000161_0021.wav,เดิน ก้อย ไป บี เจ็ด,เดิน ก้อย ไป B7
M0000000161_0022.wav,ก้อย ไป ซี ห้า,ก้อย ไป C5
M0000000161_0023.wav,ก้อย เดิน ไป ซี ห้า,ก้อย เดิน ไป C5
M0000000161_0024.wav,ก้อย ไป ดี สี่,ก้อย ไป D4
M0000000161_0025.wav,ก้อย เดิน ไป ดี สี่,ก้อย เดิน ไป D4
M0000000161_0026.wav,ก้อย เดิน อี ห้า,ก้อย เดิน E5
M0000000161_0027.wav,ก้อย เดิน ไป อี ห้า,ก้อย เดิน ไป E5
M0000000161_0028.wav,ก้อย ไป เอฟ สอง,ก้อย ไป F2
M0000000161_0029.wav,ก้อย เดิน ไป เอฟ สอง,ก้อย เดิน ไป F2
M0000000161_0030.wav,ก้อย อี หก ไป จี แปด,ก้อย E6 ไป G8
M0000000161_0031.wav,ก้อย อี หก เดิน ไป จี แปด,ก้อย E6 เดิน ไป G8
M0000000161_0032.wav,ก้อย จี ห้า กิน เอช หก,ก้อย G5 กิน H6
M0000000161_0033.wav,เดิน ก้อย จี ห้า ไป เอช หก,เดิน ก้อย G5 ไป H6
M0000000161_0034.wav,เณร กิน เอ แปด,เณร กิน A8
M0000000161_0035.wav,เณร เดิน ไป เอ แปด,เณร เดิน ไป A8
M0000000161_0036.wav,เณร กิน บี สอง,เณร กิน B2
M0000000161_0037.wav,เณร เดิน ไป บี สอง,เณร เดิน ไป B2
M0000000161_0038.wav,เณร กิน ซี ห้า,เณร กิน C5
M0000000161_0039.wav,เดิน เณร ไป ซี ห้า,เดิน เณร ไป C5
M0000000161_0040.wav,เณร ไป ดี สาม,เณร ไป D3
M0000000161_0041.wav,เดิน เณร ไป ดี สาม,เดิน เณร ไป D3
M0000000161_0042.wav,เณร ไป อี หก,เณร ไป E6
M0000000161_0043.wav,เณร เดิน ไป อี หก,เณร เดิน ไป E6
M0000000161_0044.wav,เณร ไป เอฟ สี่,เณร ไป F4
M0000000161_0045.wav,เดิน เณร ไป เอฟ สี่,เดิน เณร ไป F4
M0000000161_0046.wav,เณร เอฟ หก ไป จี เจ็ด,เณร F6 ไป G7
M0000000161_0047.wav,เณร เอฟ หก เดิน ไป จี เจ็ด,เณร F6 เดิน ไป G7
M0000000161_0048.wav,เณร บี เจ็ด กิน เอช หนึ่ง,เณร B7 กิน H1
M0000000161_0049.wav,เดิน เณร บี เจ็ด ไป เอช หนึ่ง,เดิน เณร B7 ไป H1
M0000000161_0050.wav,เรือดำน้ำ กิน เอ สี่,เรือดำน้ำ กิน A4
M0000000161_0051.wav,เรือดำน้ำ เดิน ไป เอ สี่,เรือดำน้ำ เดิน ไป A4
M0000000161_0052.wav,เรือดำน้ำ กิน บี แปด,เรือดำน้ำ กิน B8
M0000000161_0053.wav,เรือดำน้ำ เดิน ไป บี แปด,เรือดำน้ำ เดิน ไป B8
M0000000161_0054.wav,เรือดำน้ำ ไป ซี สอง,เรือดำน้ำ ไป C2
M0000000161_0055.wav,เดิน เรือดำน้ำ ไป ซี สอง,เดิน เรือดำน้ำ ไป C2
M0000000161_0056.wav,เรือดำน้ำ ไป ดี สาม,เรือดำน้ำ ไป D3
M0000000161_0057.wav,เดิน เรือดำน้ำ ไป ดี สาม,เดิน เรือดำน้ำ ไป D3
M0000000161_0058.wav,เรือดำน้ำ อี สาม กิน อี ห้า,เรือดำน้ำ E3 กิน E5
M0000000161_0059.wav,เรือดำน้ำ อี สาม เดิน ไป อี ห้า,เรือดำน้ำ E3 เดิน ไป E5
M0000000161_0060.wav,เรือดำน้ำ เอฟ เจ็ด กิน เอฟ หนึ่ง,เรือดำน้ำ F7 กิน F1
M0000000161_0061.wav,เรือดำน้ำ เอฟ เจ็ด เดิน ไป เอฟ หนึ่ง,เรือดำน้ำ F7 เดิน ไป F1
M0000000161_0062.wav,เรือดำน้ำ เอ หก ไป จี หก,เรือดำน้ำ A6 ไป G6
M0000000161_0063.wav,เดิน เรือดำน้ำ เอ หก ไป จี หก,เดิน เรือดำน้ำ A6 ไป G6
M0000000161_0064.wav,เรือดำน้ำ บี เจ็ด ไป เอช เจ็ด,เรือดำน้ำ B7 ไป H7
M0000000161_0065.wav,เดิน เรือดำน้ำ เอ หก ไป เอช เจ็ด,เดิน เรือดำน้ำ A6 ไป H7
M0000000161_0066.wav,ฟูฟู กิน เอ สาม,ฟูฟู กิน A3
M0000000161_0067.wav,เดิน ฟูฟู ไป เอ สาม,เดิน ฟูฟู ไป A3
M0000000161_0068.wav,ฟูฟู กิน บี เจ็ด,ฟูฟู กิน B7
M0000000161_0069.wav,เดิน ฟูฟู ไป บี เจ็ด,เดิน ฟูฟู ไป B7
M0000000161_0070.wav,ฟูฟู ไป ซี หนึ่ง,ฟูฟู ไป C1
M0000000161_0071.wav,ฟูฟู เดิน ไป ซี หนึ่ง,ฟูฟู เดิน ไป C1
M0000000161_0072.wav,ฟูฟู ไป ดี ห้า,ฟูฟู ไป D5
M0000000161_0073.wav,ฟูฟู เดิน ไป ดี ห้า,ฟูฟู เดิน ไป D5
M0000000161_0074.wav,ฟูฟู ดี สาม กิน อี ห้า,ฟูฟู D3 กิน E5
M0000000161_0075.wav,เดิน ฟูฟู ดี สาม ไป อี ห้า,เดิน ฟูฟู D3 ไป E5
M0000000161_0076.wav,ฟูฟู อี แปด กิน เอฟ หก,ฟูฟู E8 กิน F6
M0000000161_0077.wav,เดิน ฟูฟู ดี สาม ไป เอฟ หก,เดิน ฟูฟู D3 ไป F6
M0000000161_0078.wav,ฟูฟู อี หก ไป จี เจ็ด,ฟูฟู E6 ไป G7
M0000000161_0079.wav,ฟูฟู อี หก เดิน ไป จี เจ็ด,ฟูฟู E6 เดิน ไป G7
M0000000161_0080.wav,ฟูฟู เอฟ เจ็ด ไป เอช แปด,ฟูฟู F7 ไป H8
M0000000161_0081.wav,ฟูฟู เอฟ เจ็ด เดิน ไป เอช แปด,ฟูฟู F7 เดิน ไป H8  
M0000000161_0082.wav,ราชา  กิน เอ สี่,ราชา กิน A4
M0000000161_0083.wav,ราชา  เดิน ไป เอ สี่,ราชา เดิน ไป A4
M0000000161_0084.wav,ราชา  กิน บี สอง,ราชา กิน B2
M0000000161_0085.wav,ราชา  เดิน ไป บี สอง,ราชา เดิน ไป B2
M0000000161_0086.wav,ราชา  กิน ซี ห้า,ราชา กิน C5
M0000000161_0087.wav,ราชา  เดิน ไป ซี ห้า,ราชา เดิน ไป C5
M0000000161_0088.wav,เดิน ราชา  ไป ดี หนึ่ง,เดิน ราชา ไป D1
M0000000161_0089.wav,เดิน ราชา  ไป อี ห้า,เดิน ราชา ไป E5
M0000000161_0090.wav,เดิน ราชา  ไป เอฟ สาม,เดิน ราชา ไป F3
M0000000161_0091.wav,เอ หนึ่ง กิน ผ่าน,A1 กิน ผ่าน
M0000000161_0092.wav,เอ สอง กิน ผ่าน,A2 กิน ผ่าน
M0000000161_0093.wav,บี สาม กิน ผ่าน,B3 กิน ผ่าน
M0000000161_0094.wav,บี สี่ กิน ผ่าน,B4 กิน ผ่าน
M0000000161_0095.wav,ซี ห้า กิน ผ่าน,C5 กิน ผ่าน
M0000000161_0096.wav,ซี หก กิน ผ่าน,C6 กิน ผ่าน
M0000000161_0097.wav,ดี เจ็ด กิน ผ่าน,D7 กิน ผ่าน
M0000000161_0098.wav,ดี แปด กิน ผ่าน,D8 กิน ผ่าน
M0000000161_0099.wav,อี หก กิน ผ่าน,E6 กิน ผ่าน
M0000000161_0100.wav,อี สอง กิน ผ่าน,E2 กิน ผ่าน
M0000000161_0101.wav,เอฟ สาม กิน ผ่าน,F3 กิน ผ่าน
M0000000161_0102.wav,เอฟ สี่ กิน ผ่าน,F4 กิน ผ่าน
M0000000161_0103.wav,จี ห้า กิน ผ่าน,G5 กิน ผ่าน
M0000000161_0104.wav,จี หก กิน ผ่าน,G6 กิน ผ่าน
M0000000161_0105.wav,เอช หก กิน ผ่าน,H6 กิน ผ่าน
M0000000161_0106.wav,เอช สี่ กิน ผ่าน,H4 กิน ผ่าน
M0000000161_0107.wav,แต่งตั้ง เอ เจ็ด เป็น ก้อย,แต่งตั้ง A7 เป็น ก้อย
M0000000161_0108.wav,แต่งตั้ง บี เจ็ด เป็น ก้อย,แต่งตั้ง B7 เป็น ก้อย
M0000000161_0109.wav,แต่งตั้ง ซี เจ็ด เป็น ก้อย,แต่งตั้ง C7 เป็น ก้อย
M0000000161_0110.wav,แต่งตั้ง ดี เจ็ด เป็น ก้อย,แต่งตั้ง G7 เป็น ก้อย
M0000000161_0111.wav,แต่งตั้ง อี เจ็ด เป็น ก้อย,แต่งตั้ง E7 เป็น ก้อย
M0000000161_0112.wav,แต่งตั้ง เอฟ เจ็ด เป็น เณร,แต่งตั้ง F7 เป็น เณร
M0000000161_0113.wav,แต่งตั้ง จี เจ็ด เป็น เณร,แต่งตั้ง G7 เป็น เณร
M0000000161_0114.wav,แต่งตั้ง เอช สอง เป็น เณร,แต่งตั้ง H2 เป็น เณร
M0000000161_0115.wav,แต่งตั้ง เอ สอง เป็น ฟูฟู,แต่งตั้ง A2 เป็น ฟูฟู
M0000000161_0116.wav,แต่งตั้ง บี สอง เป็น ฟูฟู,แต่งตั้ง B2 เป็น ฟูฟู
M0000000161_0117.wav,แต่งตั้ง ซี สอง เป็น ฟูฟู,แต่งตั้ง C2 เป็น ฟูฟู
M0000000161_0118.wav,แต่งตั้ง ดี สอง เป็น เรือดำน้ำ,แต่งตั้ง D2 เป็น เรือดำน้ำ
M0000000161_0119.wav,แต่งตั้ง อี สอง เป็น เรือดำน้ำ,แต่งตั้ง E2 เป็น เรือดำน้ำ
M0000000161_0120.wav,แต่งตั้ง เอฟ สอง เป็น เรือดำน้ำ,แต่งตั้ง F2 เป็น เรือดำน้ำ
M0000000161_0121.wav,แต่งตั้ง ซี สาม เป็น เรือดำน้ำ,แต่งตั้ง C3 เป็น เรือดำน้ำ
M0000000162_0000.wav,โกวาจี,โกวาจี
M0000000162_0001.wav,โกวาจี อยาก จะ ล้ม กระดาน,โกวาจี อยาก จะ ล้ม กระดาน
M0000000162_0002.wav,ธุลี กิน เอ สาม,ธุลี กิน A3
M0000000162_0003.wav,ธุลี เดิน ไป เอ สาม,ธุลี เดิน ไป A3
M0000000162_0004.wav,ธุลี ไป บี สอง,ธุลี ไป B2
M0000000162_0005.wav,ธุลี เดิน ไป บี สอง,ธุลี เดิน ไป B2
M0000000162_0006.wav,ธุลี ไป ซี สาม,ธุลี ไป C3
M0000000162_0007.wav,ธุลี เดิน ไป ซี สาม,ธุลี เดิน ไป C3
M0000000162_0008.wav,ธุลี ไป ดี สี่,ธุลี ไป D4
M0000000162_0009.wav,เดิน ธุลี ไป ดี สี่,เดิน ธุลี ไป D4
M0000000162_0010.wav,ธุลี อี ห้า เดิน อี เจ็ด,ธุลี E5 เดิน E7
M0000000162_0011.wav,ธุลี อี ห้า เดิน ไป อี เจ็ด,ธุลี E5 เดิน ไป E7
M0000000162_0012.wav,ธุลี บี สาม ไป บี ห้า,ธุลี B3 ไป B5
M0000000162_0013.wav,ธุลี บี สาม เดิน ไป บี ห้า,ธุลี B3 เดิน ไป B5
M0000000162_0014.wav,ธุลี เอฟ หก ไป จี เจ็ด,ธุลี F6 ไป G7
M0000000162_0015.wav,ธุลี เอฟ หก เดิน ไป จี เจ็ด,ธุลี F6 เดิน ไป G7
M0000000162_0016.wav,ธุลี อี สี่ กิน เอฟ สาม,ธุลี E4 กิน F3
M0000000162_0017.wav,เดิน ธุลี อี สี่ ไป เอช หก,เดิน ธุลี E4 ไป H6
M0000000162_0018.wav,ก้อย กิน เอ สี่,ก้อย กิน A4
M0000000162_0019.wav,เดิน ก้อย ไป เอ สี่,เดิน ก้อย ไป A4
M0000000162_0020.wav,ก้อย กิน บี เจ็ด,ก้อย กิน B7
M0000000162_0021.wav,เดิน ก้อย ไป บี เจ็ด,เดิน ก้อย ไป B7
M0000000162_0022.wav,ก้อย ไป ซี ห้า,ก้อย ไป C5
M0000000162_0023.wav,ก้อย เดิน ไป ซี ห้า,ก้อย เดิน ไป C5
M0000000162_0024.wav,ก้อย ไป ดี สี่,ก้อย ไป D4
M0000000162_0025.wav,ก้อย เดิน ไป ดี สี่,ก้อย เดิน ไป D4
M0000000162_0026.wav,ก้อย เดิน อี ห้า,ก้อย เดิน E5
M0000000162_0027.wav,ก้อย เดิน ไป อี ห้า,ก้อย เดิน ไป E5
M0000000162_0028.wav,ก้อย ไป เอฟ สอง,ก้อย ไป F2
M0000000162_0029.wav,ก้อย เดิน ไป เอฟ สอง,ก้อย เดิน ไป F2
M0000000162_0030.wav,ก้อย อี หก ไป จี แปด,ก้อย E6 ไป G8
M0000000162_0031.wav,ก้อย อี หก เดิน ไป จี แปด,ก้อย E6 เดิน ไป G8
M0000000162_0032.wav,ก้อย จี ห้า กิน เอช หก,ก้อย G5 กิน H6
M0000000162_0033.wav,เดิน ก้อย จี ห้า ไป เอช หก,เดิน ก้อย G5 ไป H6
M0000000162_0034.wav,เณร กิน เอ แปด,เณร กิน A8
M0000000162_0035.wav,เณร เดิน ไป เอ แปด,เณร เดิน ไป A8
M0000000162_0036.wav,เณร กิน บี สอง,เณร กิน B2
M0000000162_0037.wav,เณร เดิน ไป บี สอง,เณร เดิน ไป B2
M0000000162_0038.wav,เณร กิน ซี ห้า,เณร กิน C5
M0000000162_0039.wav,เดิน เณร ไป ซี ห้า,เดิน เณร ไป C5
M0000000162_0040.wav,เณร ไป ดี สาม,เณร ไป D3
M0000000162_0041.wav,เดิน เณร ไป ดี สาม,เดิน เณร ไป D3
M0000000162_0042.wav,เณร ไป อี หก,เณร ไป E6
M0000000162_0043.wav,เณร เดิน ไป อี หก,เณร เดิน ไป E6
M0000000162_0044.wav,เณร ไป เอฟ สี่,เณร ไป F4
M0000000162_0045.wav,เดิน เณร ไป เอฟ สี่,เดิน เณร ไป F4
M0000000162_0046.wav,เณร เอฟ หก ไป จี เจ็ด,เณร F6 ไป G7
M0000000162_0047.wav,เณร เอฟ หก เดิน ไป จี เจ็ด,เณร F6 เดิน ไป G7
M0000000162_0048.wav,เณร บี เจ็ด กิน เอช หนึ่ง,เณร B7 กิน H1
M0000000162_0049.wav,เดิน เณร บี เจ็ด ไป เอช หนึ่ง,เดิน เณร B7 ไป H1
M0000000162_0050.wav,เรือดำน้ำ กิน เอ สี่,เรือดำน้ำ กิน A4
M0000000162_0051.wav,เรือดำน้ำ เดิน ไป เอ สี่,เรือดำน้ำ เดิน ไป A4
M0000000162_0052.wav,เรือดำน้ำ กิน บี แปด,เรือดำน้ำ กิน B8
M0000000162_0053.wav,เรือดำน้ำ เดิน ไป บี แปด,เรือดำน้ำ เดิน ไป B8
M0000000162_0054.wav,เรือดำน้ำ ไป ซี สอง,เรือดำน้ำ ไป C2
M0000000162_0055.wav,เดิน เรือดำน้ำ ไป ซี สอง,เดิน เรือดำน้ำ ไป C2
M0000000162_0056.wav,เรือดำน้ำ ไป ดี สาม,เรือดำน้ำ ไป D3
M0000000162_0057.wav,เดิน เรือดำน้ำ ไป ดี สาม,เดิน เรือดำน้ำ ไป D3
M0000000162_0058.wav,เรือดำน้ำ อี สาม กิน อี ห้า,เรือดำน้ำ E3 กิน E5
M0000000162_0059.wav,เรือดำน้ำ อี สาม เดิน ไป อี ห้า,เรือดำน้ำ E3 เดิน ไป E5
M0000000162_0060.wav,เรือดำน้ำ เอฟ เจ็ด กิน เอฟ หนึ่ง,เรือดำน้ำ F7 กิน F1
M0000000162_0061.wav,เรือดำน้ำ เอฟ เจ็ด เดิน ไป เอฟ หนึ่ง,เรือดำน้ำ F7 เดิน ไป F1
M0000000162_0062.wav,เรือดำน้ำ เอ หก ไป จี หก,เรือดำน้ำ A6 ไป G6
M0000000162_0063.wav,เดิน เรือดำน้ำ เอ หก ไป จี หก,เดิน เรือดำน้ำ A6 ไป G6
M0000000162_0064.wav,เรือดำน้ำ บี เจ็ด ไป เอช เจ็ด,เรือดำน้ำ B7 ไป H7
M0000000162_0065.wav,เดิน เรือดำน้ำ เอ หก ไป เอช เจ็ด,เดิน เรือดำน้ำ A6 ไป H7
M0000000162_0066.wav,ฟูฟู กิน เอ สาม,ฟูฟู กิน A3
M0000000162_0067.wav,เดิน ฟูฟู ไป เอ สาม,เดิน ฟูฟู ไป A3
M0000000162_0068.wav,ฟูฟู กิน บี เจ็ด,ฟูฟู กิน B7
M0000000162_0069.wav,เดิน ฟูฟู ไป บี เจ็ด,เดิน ฟูฟู ไป B7
M0000000162_0070.wav,ฟูฟู ไป ซี หนึ่ง,ฟูฟู ไป C1
M0000000162_0071.wav,ฟูฟู เดิน ไป ซี หนึ่ง,ฟูฟู เดิน ไป C1
M0000000162_0072.wav,ฟูฟู ไป ดี ห้า,ฟูฟู ไป D5
M0000000162_0073.wav,ฟูฟู เดิน ไป ดี ห้า,ฟูฟู เดิน ไป D5
M0000000162_0074.wav,ฟูฟู ดี สาม กิน อี ห้า,ฟูฟู D3 กิน E5
M0000000162_0075.wav,เดิน ฟูฟู ดี สาม ไป อี ห้า,เดิน ฟูฟู D3 ไป E5
M0000000162_0076.wav,ฟูฟู อี แปด กิน เอฟ หก,ฟูฟู E8 กิน F6
M0000000162_0077.wav,เดิน ฟูฟู ดี สาม ไป เอฟ หก,เดิน ฟูฟู D3 ไป F6
M0000000162_0078.wav,ฟูฟู อี หก ไป จี เจ็ด,ฟูฟู E6 ไป G7
M0000000162_0079.wav,ฟูฟู อี หก เดิน ไป จี เจ็ด,ฟูฟู E6 เดิน ไป G7
M0000000162_0080.wav,ฟูฟู เอฟ เจ็ด ไป เอช แปด,ฟูฟู F7 ไป H8
M0000000162_0081.wav,ฟูฟู เอฟ เจ็ด เดิน ไป เอช แปด,ฟูฟู F7 เดิน ไป H8  
M0000000162_0082.wav,ราชา  กิน เอ สี่,ราชา กิน A4
M0000000162_0083.wav,ราชา  เดิน ไป เอ สี่,ราชา เดิน ไป A4
M0000000162_0084.wav,ราชา  กิน บี สอง,ราชา กิน B2
M0000000162_0085.wav,ราชา  เดิน ไป บี สอง,ราชา เดิน ไป B2
M0000000162_0086.wav,ราชา  กิน ซี ห้า,ราชา กิน C5
M0000000162_0087.wav,ราชา  เดิน ไป ซี ห้า,ราชา เดิน ไป C5
M0000000162_0088.wav,เดิน ราชา  ไป ดี หนึ่ง,เดิน ราชา ไป D1
M0000000162_0089.wav,เดิน ราชา  ไป อี ห้า,เดิน ราชา ไป E5
M0000000162_0090.wav,เดิน ราชา  ไป เอฟ สาม,เดิน ราชา ไป F3
M0000000162_0091.wav,เอ หนึ่ง กิน ผ่าน,A1 กิน ผ่าน
M0000000162_0092.wav,เอ สอง กิน ผ่าน,A2 กิน ผ่าน
M0000000162_0093.wav,บี สาม กิน ผ่าน,B3 กิน ผ่าน
M0000000162_0094.wav,บี สี่ กิน ผ่าน,B4 กิน ผ่าน
M0000000162_0095.wav,ซี ห้า กิน ผ่าน,C5 กิน ผ่าน
M0000000162_0096.wav,ซี หก กิน ผ่าน,C6 กิน ผ่าน
M0000000162_0097.wav,ดี เจ็ด กิน ผ่าน,D7 กิน ผ่าน
M0000000162_0098.wav,ดี แปด กิน ผ่าน,D8 กิน ผ่าน
M0000000162_0099.wav,อี หก กิน ผ่าน,E6 กิน ผ่าน
M0000000162_0100.wav,อี สอง กิน ผ่าน,E2 กิน ผ่าน
M0000000162_0101.wav,เอฟ สาม กิน ผ่าน,F3 กิน ผ่าน
M0000000162_0102.wav,เอฟ สี่ กิน ผ่าน,F4 กิน ผ่าน
M0000000162_0103.wav,จี ห้า กิน ผ่าน,G5 กิน ผ่าน
M0000000162_0104.wav,จี หก กิน ผ่าน,G6 กิน ผ่าน
M0000000162_0105.wav,เอช หก กิน ผ่าน,H6 กิน ผ่าน
M0000000162_0106.wav,เอช สี่ กิน ผ่าน,H4 กิน ผ่าน
M0000000162_0107.wav,แต่งตั้ง เอ เจ็ด เป็น ก้อย,แต่งตั้ง A7 เป็น ก้อย
M0000000162_0108.wav,แต่งตั้ง บี เจ็ด เป็น ก้อย,แต่งตั้ง B7 เป็น ก้อย
M0000000162_0109.wav,แต่งตั้ง ซี เจ็ด เป็น ก้อย,แต่งตั้ง C7 เป็น ก้อย
M0000000162_0110.wav,แต่งตั้ง ดี เจ็ด เป็น ก้อย,แต่งตั้ง G7 เป็น ก้อย
M0000000162_0111.wav,แต่งตั้ง อี เจ็ด เป็น ก้อย,แต่งตั้ง E7 เป็น ก้อย
M0000000162_0112.wav,แต่งตั้ง เอฟ เจ็ด เป็น เณร,แต่งตั้ง F7 เป็น เณร
M0000000162_0113.wav,แต่งตั้ง จี เจ็ด เป็น เณร,แต่งตั้ง G7 เป็น เณร
M0000000162_0114.wav,แต่งตั้ง เอช สอง เป็น เณร,แต่งตั้ง H2 เป็น เณร
M0000000162_0115.wav,แต่งตั้ง เอ สอง เป็น ฟูฟู,แต่งตั้ง A2 เป็น ฟูฟู
M0000000162_0116.wav,แต่งตั้ง บี สอง เป็น ฟูฟู,แต่งตั้ง B2 เป็น ฟูฟู
M0000000162_0117.wav,แต่งตั้ง ซี สอง เป็น ฟูฟู,แต่งตั้ง C2 เป็น ฟูฟู
M0000000162_0118.wav,แต่งตั้ง ดี สอง เป็น เรือดำน้ำ,แต่งตั้ง D2 เป็น เรือดำน้ำ
M0000000162_0119.wav,แต่งตั้ง อี สอง เป็น เรือดำน้ำ,แต่งตั้ง E2 เป็น เรือดำน้ำ
M0000000162_0120.wav,แต่งตั้ง เอฟ สอง เป็น เรือดำน้ำ,แต่งตั้ง F2 เป็น เรือดำน้ำ
M0000000162_0121.wav,แต่งตั้ง ซี สาม เป็น เรือดำน้ำ,แต่งตั้ง C3 เป็น เรือดำน้ำ
M0000000163_0000.wav,โกวาจี,โกวาจี
M0000000163_0001.wav,โกวาจี อยาก จะ ล้ม กระดาน,โกวาจี อยาก จะ ล้ม กระดาน
M0000000163_0002.wav,ธุลี กิน เอ สาม,ธุลี กิน A3
M0000000163_0003.wav,ธุลี เดิน ไป เอ สาม,ธุลี เดิน ไป A3
M0000000163_0004.wav,ธุลี ไป บี สอง,ธุลี ไป B2
M0000000163_0005.wav,ธุลี เดิน ไป บี สอง,ธุลี เดิน ไป B2
M0000000163_0006.wav,ธุลี ไป ซี สาม,ธุลี ไป C3
M0000000163_0007.wav,ธุลี เดิน ไป ซี สาม,ธุลี เดิน ไป C3
M0000000163_0008.wav,ธุลี ไป ดี สี่,ธุลี ไป D4
M0000000163_0009.wav,เดิน ธุลี ไป ดี สี่,เดิน ธุลี ไป D4
M0000000163_0010.wav,ธุลี อี ห้า เดิน อี เจ็ด,ธุลี E5 เดิน E7
M0000000163_0011.wav,ธุลี อี ห้า เดิน ไป อี เจ็ด,ธุลี E5 เดิน ไป E7
M0000000163_0012.wav,ธุลี บี สาม ไป บี ห้า,ธุลี B3 ไป B5
M0000000163_0013.wav,ธุลี บี สาม เดิน ไป บี ห้า,ธุลี B3 เดิน ไป B5
M0000000163_0014.wav,ธุลี เอฟ หก ไป จี เจ็ด,ธุลี F6 ไป G7
M0000000163_0015.wav,ธุลี เอฟ หก เดิน ไป จี เจ็ด,ธุลี F6 เดิน ไป G7
M0000000163_0016.wav,ธุลี อี สี่ กิน เอฟ สาม,ธุลี E4 กิน F3
M0000000163_0017.wav,เดิน ธุลี อี สี่ ไป เอช หก,เดิน ธุลี E4 ไป H6
M0000000163_0018.wav,ก้อย กิน เอ สี่,ก้อย กิน A4
M0000000163_0019.wav,เดิน ก้อย ไป เอ สี่,เดิน ก้อย ไป A4
M0000000163_0020.wav,ก้อย กิน บี เจ็ด,ก้อย กิน B7
M0000000163_0021.wav,เดิน ก้อย ไป บี เจ็ด,เดิน ก้อย ไป B7
M0000000163_0022.wav,ก้อย ไป ซี ห้า,ก้อย ไป C5
M0000000163_0023.wav,ก้อย เดิน ไป ซี ห้า,ก้อย เดิน ไป C5
M0000000163_0024.wav,ก้อย ไป ดี สี่,ก้อย ไป D4
M0000000163_0025.wav,ก้อย เดิน ไป ดี สี่,ก้อย เดิน ไป D4
M0000000163_0026.wav,ก้อย เดิน อี ห้า,ก้อย เดิน E5
M0000000163_0027.wav,ก้อย เดิน ไป อี ห้า,ก้อย เดิน ไป E5
M0000000163_0028.wav,ก้อย ไป เอฟ สอง,ก้อย ไป F2
M0000000163_0029.wav,ก้อย เดิน ไป เอฟ สอง,ก้อย เดิน ไป F2
M0000000163_0030.wav,ก้อย อี หก ไป จี แปด,ก้อย E6 ไป G8
M0000000163_0031.wav,ก้อย อี หก เดิน ไป จี แปด,ก้อย E6 เดิน ไป G8
M0000000163_0032.wav,ก้อย จี ห้า กิน เอช หก,ก้อย G5 กิน H6
M0000000163_0033.wav,เดิน ก้อย จี ห้า ไป เอช หก,เดิน ก้อย G5 ไป H6
M0000000163_0034.wav,เณร กิน เอ แปด,เณร กิน A8
M0000000163_0035.wav,เณร เดิน ไป เอ แปด,เณร เดิน ไป A8
M0000000163_0036.wav,เณร กิน บี สอง,เณร กิน B2
M0000000163_0037.wav,เณร เดิน ไป บี สอง,เณร เดิน ไป B2
M0000000163_0038.wav,เณร กิน ซี ห้า,เณร กิน C5
M0000000163_0039.wav,เดิน เณร ไป ซี ห้า,เดิน เณร ไป C5
M0000000163_0040.wav,เณร ไป ดี สาม,เณร ไป D3
M0000000163_0041.wav,เดิน เณร ไป ดี สาม,เดิน เณร ไป D3
M0000000163_0042.wav,เณร ไป อี หก,เณร ไป E6
M0000000163_0043.wav,เณร เดิน ไป อี หก,เณร เดิน ไป E6
M0000000163_0044.wav,เณร ไป เอฟ สี่,เณร ไป F4
M0000000163_0045.wav,เดิน เณร ไป เอฟ สี่,เดิน เณร ไป F4
M0000000163_0046.wav,เณร เอฟ หก ไป จี เจ็ด,เณร F6 ไป G7
M0000000163_0047.wav,เณร เอฟ หก เดิน ไป จี เจ็ด,เณร F6 เดิน ไป G7
M0000000163_0048.wav,เณร บี เจ็ด กิน เอช หนึ่ง,เณร B7 กิน H1
M0000000163_0049.wav,เดิน เณร บี เจ็ด ไป เอช หนึ่ง,เดิน เณร B7 ไป H1
M0000000163_0050.wav,เรือดำน้ำ กิน เอ สี่,เรือดำน้ำ กิน A4
M0000000163_0051.wav,เรือดำน้ำ เดิน ไป เอ สี่,เรือดำน้ำ เดิน ไป A4
M0000000163_0052.wav,เรือดำน้ำ กิน บี แปด,เรือดำน้ำ กิน B8
M0000000163_0053.wav,เรือดำน้ำ เดิน ไป บี แปด,เรือดำน้ำ เดิน ไป B8
M0000000163_0054.wav,เรือดำน้ำ ไป ซี สอง,เรือดำน้ำ ไป C2
M0000000163_0055.wav,เดิน เรือดำน้ำ ไป ซี สอง,เดิน เรือดำน้ำ ไป C2
M0000000163_0056.wav,เรือดำน้ำ ไป ดี สาม,เรือดำน้ำ ไป D3
M0000000163_0057.wav,เดิน เรือดำน้ำ ไป ดี สาม,เดิน เรือดำน้ำไป D3
M0000000163_0058.wav,เรือดำน้ำ อี สาม กิน อี ห้า,เรือดำน้ำ E3 กิน E5
M0000000163_0059.wav,เรือดำน้ำ อี สาม เดิน ไป อี ห้า,เรือดำน้ำ E3 เดิน ไป E5
M0000000163_0060.wav,เรือดำน้ำ เอฟ เจ็ด กิน เอฟ หนึ่ง,เรือดำน้ำ F7 กิน F1
M0000000163_0061.wav,เรือดำน้ำ เอฟ เจ็ด เดิน ไป เอฟ หนึ่ง,เรือดำน้ำ F7 เดิน ไป F1
M0000000163_0062.wav,เรือดำน้ำ เอ หก ไป จี หก,เรือดำน้ำ A6 ไป G6
M0000000163_0063.wav,เดิน เรือดำน้ำ เอ หก ไป จี หก,เดิน เรือดำน้ำ A6 ไป G6
M0000000163_0064.wav,เรือดำน้ำ บี เจ็ด ไป เอช เจ็ด,เรือดำน้ำ B7 ไป H7
M0000000163_0065.wav,เดิน เรือดำน้ำ เอ หก ไป เอช เจ็ด,เดิน เรือดำน้ำ A6 ไป H7
M0000000163_0066.wav,ฟูฟู กิน เอ สาม,ฟูฟู กิน A 3
M0000000163_0067.wav,เดิน ฟูฟู ไป เอ สาม,เดิน ฟูฟู ไป A3
M0000000163_0068.wav,ฟูฟู กิน บี เจ็ด,ฟูฟู กิน B7
M0000000163_0069.wav,เดิน ฟูฟู ไป บี เจ็ด,เดิน ฟูฟู ไป B7
M0000000163_0070.wav,ฟูฟู ไป ซี หนึ่ง,ฟูฟู ไป C1
M0000000163_0071.wav,ฟูฟู เดิน ไป ซี หนึ่ง,ฟูฟู เดิน ไป C1
M0000000163_0072.wav,ฟูฟู ไป ดี ห้า,ฟูฟู ไป D5
M0000000163_0073.wav,ฟูฟู เดิน ไป ดี ห้า,ฟูฟู เดิน ไป D5
M0000000163_0074.wav,ฟูฟู ดี สาม กิน อี ห้า,ฟูฟู D3 กิน E5
M0000000163_0075.wav,เดิน ฟูฟู ดี สาม ไป อี ห้า,เดิน ฟูฟู D3 ไป E5
M0000000163_0076.wav,ฟูฟู อี แปด กิน เอฟ หก,ฟูฟู E8 กิน F6
M0000000163_0077.wav,เดิน ฟูฟู ดี สาม ไป เอฟ หก,เดิน ฟูฟู D3 ไป F6
M0000000163_0078.wav,ฟูฟู อี หก ไป จี เจ็ด,ฟูฟู E6 ไป G7
M0000000163_0079.wav,ฟูฟู อี หก เดิน ไป จี เจ็ด,ฟูฟู E6 เดิน ไป G7
M0000000163_0080.wav,ฟูฟู เอฟ เจ็ด ไป เอช แปด,ฟูฟู F7 ไป H8
M0000000163_0081.wav,ฟูฟู เอฟ เจ็ด เดิน ไป เอช แปด,ฟูฟู F7 เดิน ไป H8  
M0000000163_0082.wav,ราชา  กิน เอ สี่,ราชา กิน A4
M0000000163_0083.wav,ราชา  เดิน ไป เอ สี่,ราชา เดิน ไป A4
M0000000163_0084.wav,ราชา  กิน บี สอง,ราชา กิน B2
M0000000163_0085.wav,ราชา  เดิน ไป บี สอง,ราชา เดิน ไป B2
M0000000163_0086.wav,ราชา  กิน ซี ห้า,ราชา กิน C5
M0000000163_0087.wav,ราชา  เดิน ไป ซี ห้า,ราชา เดิน ไป C5
M0000000163_0088.wav,เดิน ราชา  ไป ดี หนึ่ง,เดิน ราชา ไป D1
M0000000163_0089.wav,เดิน ราชา  ไป อี ห้า,เดิน ราชา ไป E5
M0000000163_0090.wav,เดิน ราชา  ไป เอฟ สาม,เดิน ราชา ไป F3
M0000000163_0091.wav,เอ หนึ่ง กิน ผ่าน,A1 กิน ผ่าน
M0000000163_0092.wav,เอ สอง กิน ผ่าน,A 2 กิน ผ่าน
M0000000163_0093.wav,บี สาม กิน ผ่าน,B3 กิน ผ่าน
M0000000163_0094.wav,บี สี่ กิน ผ่าน,B4 กิน ผ่าน
M0000000163_0095.wav,ซี ห้า กิน ผ่าน,C5 กิน ผ่าน
M0000000163_0096.wav,ซี หก กิน ผ่าน,C6 กิน ผ่าน
M0000000163_0097.wav,ดี เจ็ด กิน ผ่าน,D7 กิน ผ่าน
M0000000163_0098.wav,ดี แปด กิน ผ่าน,D8 กิน ผ่าน
M0000000163_0099.wav,อี หก กิน ผ่าน,E6 กิน ผ่าน
M0000000163_0100.wav,อี สอง กิน ผ่าน,E2 กิน ผ่าน
M0000000163_0101.wav,เอฟ สาม กิน ผ่าน,F3 กิน ผ่าน
M0000000163_0102.wav,เอฟ สี่ กิน ผ่าน,F4 กิน ผ่าน
M0000000163_0103.wav,จี ห้า กิน ผ่าน,G5 กิน ผ่าน
M0000000163_0104.wav,จี หก กิน ผ่าน,G6 กิน ผ่าน
M0000000163_0105.wav,เอช หก กิน ผ่าน,H6 กิน ผ่าน
M0000000163_0106.wav,เอช สี่ กิน ผ่าน,H4 กิน ผ่าน
M0000000163_0107.wav,แต่งตั้ง เอ เจ็ด เป็น ก้อย,แต่งตั้ง A7 เป็น ก้อย
M0000000163_0108.wav,แต่งตั้ง บี เจ็ด เป็น ก้อย,แต่งตั้ง B7 เป็น ก้อย
M0000000163_0109.wav,แต่งตั้ง ซี เจ็ด เป็น ก้อย,แต่งตั้ง C7 เป็น ก้อย
M0000000163_0110.wav,แต่งตั้ง ดี เจ็ด เป็น ก้อย,แต่งตั้ง G7 เป็น ก้อย
M0000000163_0111.wav,แต่งตั้ง อี เจ็ด เป็น ก้อย,แต่งตั้ง E7 เป็น ก้อย
M0000000163_0112.wav,แต่งตั้ง เอฟ เจ็ด เป็น เณร,แต่งตั้ง F7 เป็น เณร
M0000000163_0113.wav,แต่งตั้ง จี เจ็ด เป็น เณร,แต่งตั้ง G7 เป็น เณร
M0000000163_0114.wav,แต่งตั้ง เอช สอง เป็น เณร,แต่งตั้ง H2 เป็น เณร
M0000000163_0115.wav,แต่งตั้ง เอ สอง เป็น ฟูฟู,แต่งตั้ง A2 เป็น ฟูฟู
M0000000163_0116.wav,แต่งตั้ง บี สอง เป็น ฟูฟู,แต่งตั้ง B2 เป็น ฟูฟู
M0000000163_0117.wav,แต่งตั้ง ซี สอง เป็น ฟูฟู,แต่งตั้ง C2 เป็น ฟูฟู
M0000000163_0118.wav,แต่งตั้ง ดี สอง เป็น เรือดำน้ำ,แต่งตั้ง D2 เป็น เรือดำน้ำ
M0000000163_0119.wav,แต่งตั้ง อี สอง เป็น เรือดำน้ำ,แต่งตั้ง E2 เป็น เรือดำน้ำ
M0000000163_0120.wav,แต่งตั้ง เอฟ สอง เป็น เรือดำน้ำ,แต่งตั้ง F2 เป็น เรือดำน้ำ
M0000000163_0121.wav,แต่งตั้ง ซี สาม เป็น เรือดำน้ำ,แต่งตั้ง C3 เป็น เรือดำน้ำ
